ordinal,rank,score,valid,scoreDisplay,competitorId,year,competition
1.0,3.0,94.0,1.0,36:53.65,811708.0,2022,games
2.0,18.0,49.0,1.0,07:12.80,811708.0,2022,games
3.0,5.0,88.0,1.0,16 rep,811708.0,2022,games
4.0,3.0,94.0,1.0,3 pt,811708.0,2022,games
5.0,12.0,67.0,1.0,CAP+3,811708.0,2022,games
6.0,8.0,79.0,1.0,34:08.32,811708.0,2022,games
7.0,2.0,97.0,1.0,13:09.31,811708.0,2022,games
8.0,5.0,88.0,1.0,07:29.07,811708.0,2022,games
9.0,7.0,82.0,1.0,151 cal,811708.0,2022,games
10.0,3.0,94.0,1.0,04:01.83,811708.0,2022,games
11.0,5.0,88.0,1.0,330 lb,811708.0,2022,games
12.0,5.0,84.0,1.0,06:46.48,811708.0,2022,games
13.0,3.0,92.0,1.0,01:32.82,811708.0,2022,games
14.0,4.0,88.0,1.0,08:26.34,811708.0,2022,games
1.0,6.0,85.0,1.0,37:18.52,975774.0,2022,games
2.0,11.0,70.0,1.0,07:08.54,975774.0,2022,games
3.0,6.0,85.0,1.0,15 rep,975774.0,2022,games
4.0,9.0,76.0,1.0,9 pt,975774.0,2022,games
5.0,11.0,70.0,1.0,CAP+3,975774.0,2022,games
6.0,2.0,97.0,1.0,32:01.47,975774.0,2022,games
7.0,15.0,58.0,1.0,14:47.09,975774.0,2022,games
8.0,3.0,94.0,1.0,07:02.22,975774.0,2022,games
9.0,1.0,100.0,1.0,160 cal,975774.0,2022,games
10.0,7.0,82.0,1.0,04:11.24,975774.0,2022,games
11.0,13.0,64.0,1.0,320 lb,975774.0,2022,games
12.0,1.0,100.0,1.0,06:23.92,975774.0,2022,games
13.0,6.0,80.0,1.0,01:43.93,975774.0,2022,games
14.0,2.0,96.0,1.0,08:09.71,975774.0,2022,games
1.0,1.0,100.0,1.0,36:47.61,40955.0,2022,games
2.0,2.0,97.0,1.0,06:58.74,40955.0,2022,games
3.0,3.0,94.0,1.0,16 rep,40955.0,2022,games
4.0,5.0,88.0,1.0,5 pt,40955.0,2022,games
5.0,7.0,82.0,1.0,09:49.82,40955.0,2022,games
6.0,1.0,100.0,1.0,31:54.47,40955.0,2022,games
7.0,3.0,94.0,1.0,13:17.76,40955.0,2022,games
8.0,28.0,26.0,1.0,CAP+32,40955.0,2022,games
9.0,10.0,73.0,1.0,147 cal,40955.0,2022,games
10.0,12.0,67.0,1.0,04:18.37,40955.0,2022,games
11.0,7.0,82.0,1.0,330 lb,40955.0,2022,games
12.0,7.0,76.0,1.0,06:50.63,40955.0,2022,games
13.0,13.0,52.0,1.0,02:17.67,40955.0,2022,games
14.0,18.0,37.0,1.0,09:11.76,40955.0,2022,games
1.0,26.0,30.0,1.0,39:34.53,74320.0,2022,games
2.0,10.0,73.0,1.0,07:08.21,74320.0,2022,games
3.0,11.0,70.0,1.0,13 rep,74320.0,2022,games
4.0,12.0,67.0,1.0,12 pt,74320.0,2022,games
5.0,17.0,52.0,1.0,CAP+9,74320.0,2022,games
6.0,4.0,91.0,1.0,32:47.67,74320.0,2022,games
7.0,4.0,91.0,1.0,13:37.84,74320.0,2022,games
8.0,23.0,36.0,1.0,09:59.98,74320.0,2022,games
9.0,4.0,91.0,1.0,153 cal,74320.0,2022,games
10.0,21.0,40.0,1.0,04:25.84,74320.0,2022,games
11.0,11.0,70.0,1.0,320 lb,74320.0,2022,games
12.0,2.0,96.0,1.0,06:39.88,74320.0,2022,games
13.0,5.0,84.0,1.0,01:39.63,74320.0,2022,games
14.0,5.0,84.0,1.0,08:26.73,74320.0,2022,games
1.0,4.0,91.0,1.0,37:06.17,469656.0,2022,games
2.0,12.0,67.0,1.0,07:09.44,469656.0,2022,games
3.0,1.0,100.0,1.0,19 rep,469656.0,2022,games
4.0,11.0,70.0,1.0,11 pt,469656.0,2022,games
5.0,38.0,6.0,1.0,CAP+36,469656.0,2022,games
6.0,6.0,85.0,1.0,33:16.60,469656.0,2022,games
7.0,13.0,64.0,1.0,14:42.25,469656.0,2022,games
8.0,18.0,49.0,1.0,09:19.82,469656.0,2022,games
9.0,13.0,64.0,1.0,146 cal,469656.0,2022,games
10.0,9.0,76.0,1.0,04:14.48,469656.0,2022,games
11.0,16.0,55.0,1.0,310 lb,469656.0,2022,games
12.0,16.0,43.0,1.0,07:36.55,469656.0,2022,games
13.0,1.0,100.0,1.0,01:17.40,469656.0,2022,games
14.0,6.0,80.0,1.0,08:27.51,469656.0,2022,games
1.0,20.0,43.0,1.0,38:49.81,158264.0,2022,games
2.0,4.0,91.0,1.0,07:05.10,158264.0,2022,games
3.0,35.0,12.0,1.0,5 rep,158264.0,2022,games
4.0,3.0,94.0,1.0,3 pt,158264.0,2022,games
5.0,1.0,100.0,1.0,08:42.16,158264.0,2022,games
6.0,23.0,36.0,1.0,38:24.81,158264.0,2022,games
7.0,8.0,79.0,1.0,14:09.22,158264.0,2022,games
8.0,9.0,76.0,1.0,08:08.35,158264.0,2022,games
9.0,30.0,22.0,1.0,135 cal,158264.0,2022,games
10.0,10.0,73.0,1.0,04:14.77,158264.0,2022,games
11.0,17.0,52.0,1.0,310 lb,158264.0,2022,games
12.0,3.0,92.0,1.0,06:41.12,158264.0,2022,games
13.0,7.0,76.0,1.0,01:45.72,158264.0,2022,games
14.0,15.0,46.0,1.0,08:58.52,158264.0,2022,games
1.0,18.0,49.0,1.0,38:46.82,1020449.0,2022,games
2.0,8.0,79.0,1.0,07:06.45,1020449.0,2022,games
3.0,4.0,91.0,1.0,16 rep,1020449.0,2022,games
4.0,28.0,26.0,1.0,28 pt,1020449.0,2022,games
5.0,29.0,24.0,1.0,CAP+17,1020449.0,2022,games
6.0,5.0,88.0,1.0,33:04.11,1020449.0,2022,games
7.0,30.0,22.0,1.0,16:10.64,1020449.0,2022,games
8.0,2.0,97.0,1.0,06:57.82,1020449.0,2022,games
9.0,22.0,38.0,1.0,141 cal,1020449.0,2022,games
10.0,11.0,70.0,1.0,04:15.87,1020449.0,2022,games
11.0,4.0,91.0,1.0,340 lb,1020449.0,2022,games
12.0,6.0,80.0,1.0,06:48.56,1020449.0,2022,games
13.0,8.0,72.0,1.0,01:52.14,1020449.0,2022,games
14.0,11.0,60.0,1.0,08:46.56,1020449.0,2022,games
1.0,10.0,73.0,1.0,37:48.00,1059467.0,2022,games
2.0,17.0,52.0,1.0,07:12.51,1059467.0,2022,games
3.0,14.0,61.0,1.0,13 rep,1059467.0,2022,games
4.0,8.0,79.0,1.0,8 pt,1059467.0,2022,games
5.0,8.0,79.0,1.0,09:57.34,1059467.0,2022,games
6.0,13.0,64.0,1.0,35:16.42,1059467.0,2022,games
7.0,24.0,34.0,1.0,15:23.78,1059467.0,2022,games
8.0,33.0,16.0,1.0,CAP+37,1059467.0,2022,games
9.0,5.0,88.0,1.0,152 cal,1059467.0,2022,games
10.0,6.0,85.0,1.0,04:08.82,1059467.0,2022,games
11.0,28.0,26.0,1.0,300 lb,1059467.0,2022,games
12.0,9.0,68.0,1.0,06:58.07,1059467.0,2022,games
13.0,22.0,25.0,1.0,03:07.67,1059467.0,2022,games
14.0,1.0,100.0,1.0,07:59.70,1059467.0,2022,games
1.0,7.0,82.0,1.0,37:24.35,81616.0,2022,games
2.0,21.0,40.0,1.0,07:20.13,81616.0,2022,games
3.0,24.0,34.0,1.0,11 rep,81616.0,2022,games
4.0,25.0,32.0,1.0,25 pt,81616.0,2022,games
5.0,2.0,97.0,1.0,09:20.11,81616.0,2022,games
6.0,9.0,76.0,1.0,34:12.77,81616.0,2022,games
7.0,6.0,85.0,1.0,13:39.71,81616.0,2022,games
8.0,16.0,55.0,1.0,09:10.70,81616.0,2022,games
9.0,19.0,46.0,1.0,144 cal,81616.0,2022,games
10.0,15.0,58.0,1.0,04:19.68,81616.0,2022,games
11.0,21.0,40.0,1.0,310 lb,81616.0,2022,games
12.0,12.0,56.0,1.0,07:05.05,81616.0,2022,games
13.0,9.0,68.0,1.0,01:53.77,81616.0,2022,games
14.0,8.0,72.0,1.0,08:36.85,81616.0,2022,games
1.0,24.0,34.0,1.0,39:07.69,686308.0,2022,games
2.0,36.0,10.0,1.0,07:49.76,686308.0,2022,games
3.0,10.0,73.0,1.0,14 rep,686308.0,2022,games
4.0,2.0,97.0,1.0,2 pt,686308.0,2022,games
5.0,30.0,22.0,1.0,CAP+17,686308.0,2022,games
6.0,30.0,22.0,1.0,40:01.96,686308.0,2022,games
7.0,25.0,32.0,1.0,15:36.25,686308.0,2022,games
8.0,10.0,73.0,1.0,08:10.56,686308.0,2022,games
9.0,23.0,36.0,1.0,139 cal,686308.0,2022,games
10.0,1.0,100.0,1.0,03:44.18,686308.0,2022,games
11.0,1.0,100.0,1.0,340 lb,686308.0,2022,games
12.0,4.0,88.0,1.0,06:44.79,686308.0,2022,games
13.0,4.0,88.0,1.0,01:39.43,686308.0,2022,games
14.0,12.0,56.0,1.0,08:48.26,686308.0,2022,games
1.0,13.0,64.0,1.0,38:07.01,310970.0,2022,games
2.0,3.0,94.0,1.0,06:59.06,310970.0,2022,games
3.0,2.0,97.0,1.0,17 rep,310970.0,2022,games
4.0,32.0,18.0,1.0,32 pt,310970.0,2022,games
5.0,32.0,18.0,1.0,CAP+20,310970.0,2022,games
6.0,12.0,67.0,1.0,35:05.62,310970.0,2022,games
7.0,1.0,100.0,1.0,12:40.00,310970.0,2022,games
8.0,11.0,70.0,1.0,08:15.05,310970.0,2022,games
9.0,14.0,61.0,1.0,146 cal,310970.0,2022,games
10.0,23.0,36.0,1.0,04:31.52,310970.0,2022,games
11.0,6.0,85.0,1.0,330 lb,310970.0,2022,games
12.0,22.0,25.0,1.0,08:33.91,310970.0,2022,games
13.0,18.0,37.0,1.0,02:48.93,310970.0,2022,games
14.0,20.0,31.0,1.0,09:20.60,310970.0,2022,games
1.0,14.0,61.0,1.0,38:08.63,2725.0,2022,games
2.0,14.0,61.0,1.0,07:10.36,2725.0,2022,games
3.0,20.0,43.0,1.0,12 rep,2725.0,2022,games
4.0,19.0,46.0,1.0,19 pt,2725.0,2022,games
5.0,4.0,91.0,1.0,09:39.12,2725.0,2022,games
6.0,17.0,52.0,1.0,36:03.39,2725.0,2022,games
7.0,5.0,88.0,1.0,13:38.20,2725.0,2022,games
8.0,17.0,52.0,1.0,09:16.90,2725.0,2022,games
9.0,16.0,55.0,1.0,145 cal,2725.0,2022,games
10.0,25.0,32.0,1.0,04:38.00,2725.0,2022,games
11.0,18.0,49.0,1.0,310 lb,2725.0,2022,games
12.0,18.0,37.0,1.0,07:42.96,2725.0,2022,games
13.0,14.0,49.0,1.0,02:19.92,2725.0,2022,games
14.0,10.0,64.0,1.0,08:44.10,2725.0,2022,games
1.0,21.0,40.0,1.0,38:56.81,153625.0,2022,games
2.0,5.0,88.0,1.0,07:05.22,153625.0,2022,games
3.0,17.0,52.0,1.0,12 rep,153625.0,2022,games
4.0,18.0,49.0,1.0,18 pt,153625.0,2022,games
5.0,23.0,36.0,1.0,CAP+12,153625.0,2022,games
6.0,16.0,55.0,1.0,35:58.05,153625.0,2022,games
7.0,7.0,82.0,1.0,13:44.84,153625.0,2022,games
8.0,13.0,64.0,1.0,08:36.13,153625.0,2022,games
9.0,9.0,76.0,1.0,148 cal,153625.0,2022,games
10.0,14.0,61.0,1.0,04:18.73,153625.0,2022,games
11.0,29.0,24.0,1.0,300 lb,153625.0,2022,games
12.0,27.0,10.0,1.0,09:10.22,153625.0,2022,games
13.0,29.0,4.0,1.0,CAP+6,153625.0,2022,games
14.0,3.0,92.0,1.0,08:10.64,153625.0,2022,games
1.0,29.0,24.0,1.0,39:59.32,843041.0,2022,games
2.0,20.0,43.0,1.0,07:17.33,843041.0,2022,games
3.0,15.0,58.0,1.0,13 rep,843041.0,2022,games
4.0,1.0,100.0,1.0,1 pt,843041.0,2022,games
5.0,9.0,76.0,1.0,09:58.84,843041.0,2022,games
6.0,19.0,46.0,1.0,36:20.95,843041.0,2022,games
7.0,26.0,30.0,1.0,15:39.53,843041.0,2022,games
8.0,22.0,38.0,1.0,09:56.31,843041.0,2022,games
9.0,34.0,14.0,1.0,131 cal,843041.0,2022,games
10.0,5.0,88.0,1.0,04:07.78,843041.0,2022,games
11.0,1.0,100.0,1.0,340 lb,843041.0,2022,games
12.0,13.0,52.0,1.0,07:26.35,843041.0,2022,games
13.0,16.0,43.0,1.0,02:32.10,843041.0,2022,games
14.0,25.0,16.0,1.0,09:34.98,843041.0,2022,games
1.0,2.0,97.0,1.0,36:49.34,173837.0,2022,games
2.0,30.0,22.0,1.0,07:39.13,173837.0,2022,games
3.0,34.0,14.0,1.0,7 rep,173837.0,2022,games
4.0,7.0,82.0,1.0,7 pt,173837.0,2022,games
5.0,15.0,58.0,1.0,CAP+6,173837.0,2022,games
6.0,34.0,14.0,1.0,42:38.24,173837.0,2022,games
7.0,12.0,67.0,1.0,14:25.59,173837.0,2022,games
8.0,14.0,61.0,1.0,08:41.16,173837.0,2022,games
9.0,3.0,94.0,1.0,154 cal,173837.0,2022,games
10.0,31.0,20.0,1.0,04:44.40,173837.0,2022,games
11.0,30.0,22.0,1.0,290 lb,173837.0,2022,games
12.0,10.0,64.0,1.0,07:01.54,173837.0,2022,games
13.0,19.0,34.0,1.0,02:52.45,173837.0,2022,games
14.0,7.0,76.0,1.0,08:32.94,173837.0,2022,games
1.0,33.0,16.0,1.0,40:56.66,107101.0,2022,games
2.0,28.0,26.0,1.0,07:29.31,107101.0,2022,games
3.0,21.0,40.0,1.0,12 rep,107101.0,2022,games
4.0,13.0,64.0,1.0,13 pt,107101.0,2022,games
5.0,22.0,38.0,1.0,CAP+11,107101.0,2022,games
6.0,15.0,58.0,1.0,35:53.87,107101.0,2022,games
7.0,14.0,61.0,1.0,14:45.56,107101.0,2022,games
8.0,35.0,12.0,1.0,CAP+39,107101.0,2022,games
9.0,6.0,85.0,1.0,152 cal,107101.0,2022,games
10.0,2.0,97.0,1.0,03:57.93,107101.0,2022,games
11.0,3.0,94.0,1.0,340 lb,107101.0,2022,games
12.0,11.0,60.0,1.0,07:02.66,107101.0,2022,games
13.0,25.0,16.0,1.0,03:56.97,107101.0,2022,games
14.0,17.0,40.0,1.0,09:10.85,107101.0,2022,games
1.0,8.0,79.0,1.0,37:25.29,702092.0,2022,games
2.0,16.0,55.0,1.0,07:12.14,702092.0,2022,games
3.0,13.0,64.0,1.0,13 rep,702092.0,2022,games
4.0,36.0,10.0,1.0,36 pt,702092.0,2022,games
5.0,25.0,32.0,1.0,CAP+13,702092.0,2022,games
6.0,11.0,70.0,1.0,34:55.47,702092.0,2022,games
7.0,16.0,55.0,1.0,14:47.40,702092.0,2022,games
8.0,31.0,20.0,1.0,CAP+35,702092.0,2022,games
9.0,26.0,30.0,1.0,137 cal,702092.0,2022,games
10.0,27.0,28.0,1.0,04:39.81,702092.0,2022,games
11.0,25.0,32.0,1.0,300 lb,702092.0,2022,games
12.0,14.0,49.0,1.0,07:29.72,702092.0,2022,games
13.0,2.0,96.0,1.0,01:29.25,702092.0,2022,games
14.0,9.0,68.0,1.0,08:40.91,702092.0,2022,games
1.0,32.0,18.0,1.0,40:11.38,1690.0,2022,games
2.0,15.0,58.0,1.0,07:10.97,1690.0,2022,games
3.0,12.0,67.0,1.0,13 rep,1690.0,2022,games
4.0,17.0,52.0,1.0,17 pt,1690.0,2022,games
5.0,21.0,40.0,1.0,CAP+11,1690.0,2022,games
6.0,3.0,94.0,1.0,32:16.22,1690.0,2022,games
7.0,20.0,43.0,1.0,15:02.00,1690.0,2022,games
8.0,30.0,22.0,1.0,CAP+34,1690.0,2022,games
9.0,18.0,49.0,1.0,144 cal,1690.0,2022,games
10.0,18.0,49.0,1.0,04:23.42,1690.0,2022,games
11.0,19.0,46.0,1.0,310 lb,1690.0,2022,games
12.0,17.0,40.0,1.0,07:42.09,1690.0,2022,games
13.0,10.0,64.0,1.0,01:56.50,1690.0,2022,games
14.0,16.0,43.0,1.0,09:00.37,1690.0,2022,games
1.0,12.0,67.0,1.0,37:56.00,671093.0,2022,games
2.0,31.0,20.0,1.0,07:40.03,671093.0,2022,games
3.0,22.0,38.0,1.0,12 rep,671093.0,2022,games
4.0,14.0,61.0,1.0,14 pt,671093.0,2022,games
5.0,39.0,4.0,1.0,CAP+37,671093.0,2022,games
6.0,18.0,49.0,1.0,36:08.59,671093.0,2022,games
7.0,21.0,40.0,1.0,15:04.08,671093.0,2022,games
8.0,37.0,8.0,1.0,CAP+62,671093.0,2022,games
9.0,2.0,97.0,1.0,156 cal,671093.0,2022,games
10.0,4.0,91.0,1.0,04:06.23,671093.0,2022,games
11.0,24.0,34.0,1.0,300 lb,671093.0,2022,games
12.0,15.0,46.0,1.0,07:29.97,671093.0,2022,games
13.0,17.0,40.0,1.0,02:32.58,671093.0,2022,games
14.0,13.0,52.0,1.0,08:52.64,671093.0,2022,games
1.0,5.0,88.0,1.0,37:17.00,162712.0,2022,games
2.0,22.0,38.0,1.0,07:21.65,162712.0,2022,games
3.0,7.0,82.0,1.0,15 rep,162712.0,2022,games
4.0,31.0,20.0,1.0,31 pt,162712.0,2022,games
5.0,18.0,49.0,1.0,CAP+9,162712.0,2022,games
6.0,28.0,26.0,1.0,39:05.99,162712.0,2022,games
7.0,10.0,73.0,1.0,14:13.97,162712.0,2022,games
8.0,6.0,85.0,1.0,07:38.91,162712.0,2022,games
9.0,25.0,32.0,1.0,139 cal,162712.0,2022,games
10.0,13.0,64.0,1.0,04:18.72,162712.0,2022,games
11.0,35.0,12.0,1.0,280 lb,162712.0,2022,games
12.0,24.0,19.0,1.0,08:52.51,162712.0,2022,games
13.0,24.0,19.0,1.0,03:55.15,162712.0,2022,games
14.0,21.0,28.0,1.0,09:21.48,162712.0,2022,games
1.0,11.0,70.0,1.0,37:54.58,472642.0,2022,games
2.0,1.0,100.0,1.0,06:51.06,472642.0,2022,games
3.0,39.0,4.0,1.0,3 rep,472642.0,2022,games
4.0,24.0,34.0,1.0,24 pt,472642.0,2022,games
5.0,5.0,88.0,1.0,09:46.81,472642.0,2022,games
6.0,32.0,18.0,1.0,40:21.98,472642.0,2022,games
7.0,9.0,76.0,1.0,14:13.72,472642.0,2022,games
8.0,24.0,34.0,1.0,CAP,472642.0,2022,games
9.0,36.0,10.0,1.0,127 cal,472642.0,2022,games
10.0,36.0,10.0,1.0,05:11.93,472642.0,2022,games
11.0,14.0,61.0,1.0,320 lb,472642.0,2022,games
12.0,19.0,34.0,1.0,07:49.76,472642.0,2022,games
13.0,23.0,22.0,1.0,03:54.30,472642.0,2022,games
14.0,19.0,34.0,1.0,09:15.21,472642.0,2022,games
1.0,16.0,55.0,1.0,38:30.29,35627.0,2022,games
2.0,13.0,64.0,1.0,07:10.04,35627.0,2022,games
3.0,19.0,46.0,1.0,12 rep,35627.0,2022,games
4.0,6.0,85.0,1.0,6 pt,35627.0,2022,games
5.0,24.0,34.0,1.0,CAP+13,35627.0,2022,games
6.0,31.0,20.0,1.0,40:10.20,35627.0,2022,games
7.0,27.0,28.0,1.0,15:40.02,35627.0,2022,games
8.0,1.0,100.0,1.0,06:30.15,35627.0,2022,games
9.0,15.0,58.0,1.0,146 cal,35627.0,2022,games
10.0,26.0,30.0,1.0,04:38.97,35627.0,2022,games
11.0,26.0,30.0,1.0,300 lb,35627.0,2022,games
12.0,29.0,4.0,1.0,10:01.11,35627.0,2022,games
13.0,27.0,10.0,1.0,CAP+1,35627.0,2022,games
14.0,27.0,10.0,1.0,09:50.79,35627.0,2022,games
1.0,37.0,8.0,1.0,42:08.89,20698.0,2022,games
2.0,29.0,24.0,1.0,07:37.42,20698.0,2022,games
3.0,8.0,79.0,1.0,15 rep,20698.0,2022,games
4.0,27.0,28.0,1.0,27 pt,20698.0,2022,games
5.0,13.0,64.0,1.0,CAP+6,20698.0,2022,games
6.0,20.0,43.0,1.0,36:25.36,20698.0,2022,games
7.0,31.0,20.0,1.0,16:14.93,20698.0,2022,games
8.0,20.0,43.0,1.0,09:46.49,20698.0,2022,games
9.0,32.0,18.0,1.0,134 cal,20698.0,2022,games
10.0,30.0,22.0,1.0,04:42.88,20698.0,2022,games
11.0,10.0,73.0,1.0,320 lb,20698.0,2022,games
12.0,8.0,72.0,1.0,06:53.66,20698.0,2022,games
13.0,21.0,28.0,1.0,03:02.99,20698.0,2022,games
14.0,24.0,19.0,1.0,09:34.26,20698.0,2022,games
1.0,31.0,20.0,1.0,40:05.24,680734.0,2022,games
2.0,7.0,82.0,1.0,07:06.02,680734.0,2022,games
3.0,18.0,49.0,1.0,12 rep,680734.0,2022,games
4.0,15.0,58.0,1.0,15 pt,680734.0,2022,games
5.0,28.0,26.0,1.0,CAP+17,680734.0,2022,games
6.0,24.0,34.0,1.0,38:38.60,680734.0,2022,games
7.0,29.0,24.0,1.0,16:10.09,680734.0,2022,games
8.0,21.0,40.0,1.0,09:48.98,680734.0,2022,games
9.0,17.0,52.0,1.0,145 cal,680734.0,2022,games
10.0,22.0,38.0,1.0,04:26.19,680734.0,2022,games
11.0,12.0,67.0,1.0,320 lb,680734.0,2022,games
12.0,26.0,13.0,1.0,09:01.51,680734.0,2022,games
13.0,20.0,31.0,1.0,02:57.66,680734.0,2022,games
14.0,29.0,4.0,1.0,CAP+1,680734.0,2022,games
1.0,17.0,52.0,1.0,38:45.79,180541.0,2022,games
2.0,23.0,36.0,1.0,07:22.15,180541.0,2022,games
3.0,30.0,22.0,1.0,8 rep,180541.0,2022,games
4.0,37.0,8.0,1.0,37 pt,180541.0,2022,games
5.0,26.0,30.0,1.0,CAP+14,180541.0,2022,games
6.0,7.0,82.0,1.0,33:53.84,180541.0,2022,games
7.0,22.0,38.0,1.0,15:06.44,180541.0,2022,games
8.0,36.0,10.0,1.0,CAP+40,180541.0,2022,games
9.0,11.0,70.0,1.0,147 cal,180541.0,2022,games
10.0,29.0,24.0,1.0,04:42.56,180541.0,2022,games
11.0,9.0,76.0,1.0,320 lb,180541.0,2022,games
12.0,25.0,16.0,1.0,09:01.38,180541.0,2022,games
13.0,15.0,46.0,1.0,02:20.60,180541.0,2022,games
14.0,23.0,22.0,1.0,09:25.00,180541.0,2022,games
1.0,23.0,36.0,1.0,39:02.59,1105497.0,2022,games
2.0,19.0,46.0,1.0,07:15.92,1105497.0,2022,games
3.0,29.0,24.0,1.0,8 rep,1105497.0,2022,games
4.0,21.0,40.0,1.0,21 pt,1105497.0,2022,games
5.0,19.0,46.0,1.0,CAP+10,1105497.0,2022,games
6.0,21.0,40.0,1.0,36:27.84,1105497.0,2022,games
7.0,17.0,52.0,1.0,14:50.13,1105497.0,2022,games
8.0,29.0,24.0,1.0,CAP+33,1105497.0,2022,games
9.0,11.0,70.0,1.0,147 cal,1105497.0,2022,games
10.0,28.0,26.0,1.0,04:41.12,1105497.0,2022,games
11.0,27.0,28.0,1.0,300 lb,1105497.0,2022,games
12.0,20.0,31.0,1.0,07:59.43,1105497.0,2022,games
13.0,26.0,13.0,1.0,CAP+1,1105497.0,2022,games
14.0,14.0,49.0,1.0,08:52.79,1105497.0,2022,games
1.0,27.0,28.0,1.0,39:42.87,371085.0,2022,games
2.0,37.0,8.0,1.0,07:59.42,371085.0,2022,games
3.0,23.0,36.0,1.0,12 rep,371085.0,2022,games
4.0,30.0,22.0,1.0,30 pt,371085.0,2022,games
5.0,16.0,55.0,1.0,CAP+6,371085.0,2022,games
6.0,33.0,16.0,1.0,41:58.61,371085.0,2022,games
7.0,35.0,12.0,1.0,17:06.94,371085.0,2022,games
8.0,7.0,82.0,1.0,07:44.44,371085.0,2022,games
9.0,31.0,20.0,1.0,134 cal,371085.0,2022,games
10.0,16.0,55.0,1.0,04:20.13,371085.0,2022,games
11.0,8.0,79.0,1.0,320 lb,371085.0,2022,games
12.0,21.0,28.0,1.0,08:01.50,371085.0,2022,games
13.0,11.0,60.0,1.0,01:57.63,371085.0,2022,games
14.0,28.0,7.0,1.0,09:54.15,371085.0,2022,games
1.0,19.0,46.0,1.0,38:46.87,156156.0,2022,games
2.0,25.0,32.0,1.0,07:26.95,156156.0,2022,games
3.0,16.0,55.0,1.0,13 rep,156156.0,2022,games
4.0,22.0,38.0,1.0,22 pt,156156.0,2022,games
5.0,14.0,61.0,1.0,CAP+6,156156.0,2022,games
6.0,22.0,38.0,1.0,38:10.42,156156.0,2022,games
7.0,23.0,36.0,1.0,15:12.94,156156.0,2022,games
8.0,25.0,32.0,1.0,CAP+7,156156.0,2022,games
9.0,27.0,28.0,1.0,137 cal,156156.0,2022,games
10.0,20.0,43.0,1.0,04:24.24,156156.0,2022,games
11.0,36.0,10.0,1.0,280 lb,156156.0,2022,games
12.0,28.0,7.0,1.0,09:18.47,156156.0,2022,games
13.0,12.0,56.0,1.0,02:06.97,156156.0,2022,games
14.0,22.0,25.0,1.0,09:23.41,156156.0,2022,games
1.0,22.0,38.0,1.0,38:59.83,929317.0,2022,games
2.0,26.0,30.0,1.0,07:27.37,929317.0,2022,games
3.0,27.0,28.0,1.0,10 rep,929317.0,2022,games
4.0,20.0,43.0,1.0,20 pt,929317.0,2022,games
5.0,10.0,73.0,1.0,CAP+2,929317.0,2022,games
6.0,38.0,6.0,1.0,44:36.30,929317.0,2022,games
7.0,11.0,70.0,1.0,14:18.12,929317.0,2022,games
8.0,4.0,91.0,1.0,07:07.08,929317.0,2022,games
9.0,39.0,4.0,1.0,121 cal,929317.0,2022,games
10.0,39.0,4.0,1.0,05:56.29,929317.0,2022,games
11.0,34.0,14.0,1.0,290 lb,929317.0,2022,games
12.0,23.0,22.0,1.0,08:42.03,929317.0,2022,games
13.0,28.0,7.0,1.0,CAP+4,929317.0,2022,games
14.0,26.0,13.0,1.0,09:45.15,929317.0,2022,games
1.0,15.0,58.0,1.0,38:15.29,251546.0,2022,games
2.0,6.0,85.0,1.0,07:05.73,251546.0,2022,games
3.0,26.0,30.0,1.0,10 rep,251546.0,2022,games
4.0,26.0,30.0,1.0,26 pt,251546.0,2022,games
5.0,27.0,28.0,1.0,CAP+15,251546.0,2022,games
6.0,14.0,61.0,1.0,35:27.43,251546.0,2022,games
7.0,19.0,46.0,1.0,15:01.00,251546.0,2022,games
8.0,19.0,46.0,1.0,09:36.36,251546.0,2022,games
9.0,21.0,40.0,1.0,141 cal,251546.0,2022,games
10.0,34.0,14.0,1.0,05:02.01,251546.0,2022,games
11.0,32.0,18.0,1.0,290 lb,251546.0,2022,games
12.0,30.0,1.0,1.0,10:18.56,251546.0,2022,games
1.0,30.0,22.0,1.0,40:01.29,337194.0,2022,games
2.0,9.0,76.0,1.0,07:06.80,337194.0,2022,games
3.0,33.0,16.0,1.0,7 rep,337194.0,2022,games
4.0,34.0,14.0,1.0,34 pt,337194.0,2022,games
5.0,33.0,16.0,1.0,CAP+21,337194.0,2022,games
6.0,10.0,73.0,1.0,34:27.50,337194.0,2022,games
7.0,33.0,16.0,1.0,16:42.53,337194.0,2022,games
8.0,32.0,18.0,1.0,CAP+36,337194.0,2022,games
9.0,20.0,43.0,1.0,144 cal,337194.0,2022,games
10.0,37.0,8.0,1.0,05:12.07,337194.0,2022,games
11.0,15.0,58.0,1.0,320 lb,337194.0,2022,games
1.0,34.0,14.0,1.0,41:02.32,676693.0,2022,games
2.0,38.0,6.0,1.0,08:12.95,676693.0,2022,games
3.0,32.0,18.0,1.0,8 rep,676693.0,2022,games
4.0,16.0,55.0,1.0,16 pt,676693.0,2022,games
5.0,3.0,94.0,1.0,09:24.49,676693.0,2022,games
6.0,36.0,10.0,1.0,43:32.09,676693.0,2022,games
7.0,32.0,18.0,1.0,16:41.86,676693.0,2022,games
8.0,8.0,79.0,1.0,07:55.89,676693.0,2022,games
9.0,37.0,8.0,1.0,127 cal,676693.0,2022,games
10.0,24.0,34.0,1.0,04:36.05,676693.0,2022,games
11.0,37.0,8.0,1.0,280 lb,676693.0,2022,games
1.0,40.0,2.0,1.0,43:22.60,1718365.0,2022,games
2.0,32.0,18.0,1.0,07:43.27,1718365.0,2022,games
3.0,31.0,20.0,1.0,8 rep,1718365.0,2022,games
4.0,38.0,6.0,1.0,38 pt,1718365.0,2022,games
5.0,6.0,85.0,1.0,09:48.01,1718365.0,2022,games
6.0,27.0,28.0,1.0,38:59.65,1718365.0,2022,games
7.0,18.0,49.0,1.0,14:55.20,1718365.0,2022,games
8.0,39.0,4.0,1.0,CAP+95,1718365.0,2022,games
9.0,8.0,79.0,1.0,148 cal,1718365.0,2022,games
10.0,19.0,46.0,1.0,04:24.08,1718365.0,2022,games
11.0,39.0,4.0,1.0,260 lb,1718365.0,2022,games
1.0,38.0,6.0,1.0,42:33.48,897110.0,2022,games
2.0,33.0,16.0,1.0,07:47.20,897110.0,2022,games
3.0,9.0,76.0,1.0,15 rep,897110.0,2022,games
4.0,40.0,2.0,1.0,40 pt,897110.0,2022,games
5.0,35.0,12.0,1.0,CAP+21,897110.0,2022,games
6.0,29.0,24.0,1.0,39:38.38,897110.0,2022,games
7.0,36.0,10.0,1.0,17:07.66,897110.0,2022,games
8.0,12.0,67.0,1.0,08:28.21,897110.0,2022,games
9.0,28.0,26.0,1.0,136 cal,897110.0,2022,games
10.0,8.0,79.0,1.0,04:12.96,897110.0,2022,games
11.0,31.0,20.0,1.0,290 lb,897110.0,2022,games
1.0,35.0,12.0,1.0,41:02.57,251447.0,2022,games
2.0,24.0,34.0,1.0,07:25.18,251447.0,2022,games
3.0,25.0,32.0,1.0,11 rep,251447.0,2022,games
4.0,10.0,73.0,1.0,10 pt,251447.0,2022,games
5.0,20.0,43.0,1.0,CAP+11,251447.0,2022,games
6.0,26.0,30.0,1.0,38:53.89,251447.0,2022,games
7.0,34.0,14.0,1.0,16:47.00,251447.0,2022,games
8.0,38.0,6.0,1.0,CAP+62,251447.0,2022,games
9.0,29.0,24.0,1.0,136 cal,251447.0,2022,games
10.0,35.0,12.0,1.0,05:02.61,251447.0,2022,games
11.0,23.0,36.0,1.0,300 lb,251447.0,2022,games
1.0,9.0,76.0,1.0,37:29.71,925870.0,2022,games
2.0,34.0,14.0,1.0,07:47.28,925870.0,2022,games
3.0,38.0,6.0,1.0,4 rep,925870.0,2022,games
4.0,23.0,36.0,1.0,23 pt,925870.0,2022,games
5.0,34.0,14.0,1.0,CAP+21,925870.0,2022,games
6.0,25.0,32.0,1.0,38:44.32,925870.0,2022,games
7.0,37.0,8.0,1.0,17:09.27,925870.0,2022,games
8.0,27.0,28.0,1.0,CAP+31,925870.0,2022,games
9.0,24.0,34.0,1.0,139 cal,925870.0,2022,games
10.0,32.0,18.0,1.0,04:48.35,925870.0,2022,games
11.0,22.0,38.0,1.0,310 lb,925870.0,2022,games
1.0,25.0,32.0,1.0,39:26.27,483096.0,2022,games
2.0,27.0,28.0,1.0,07:28.81,483096.0,2022,games
3.0,36.0,10.0,1.0,5 rep,483096.0,2022,games
4.0,35.0,12.0,1.0,35 pt,483096.0,2022,games
5.0,40.0,2.0,1.0,CAP+41,483096.0,2022,games
6.0,35.0,12.0,1.0,42:43.24,483096.0,2022,games
7.0,38.0,6.0,1.0,17:17.10,483096.0,2022,games
8.0,26.0,30.0,1.0,CAP+10,483096.0,2022,games
9.0,35.0,12.0,1.0,129 cal,483096.0,2022,games
10.0,17.0,52.0,1.0,04:21.23,483096.0,2022,games
11.0,33.0,16.0,1.0,290 lb,483096.0,2022,games
1.0,36.0,10.0,1.0,41:25.42,478414.0,2022,games
2.0,35.0,12.0,1.0,07:49.69,478414.0,2022,games
3.0,28.0,26.0,1.0,9 rep,478414.0,2022,games
4.0,33.0,16.0,1.0,33 pt,478414.0,2022,games
5.0,31.0,20.0,1.0,CAP+18,478414.0,2022,games
6.0,37.0,8.0,1.0,43:49.46,478414.0,2022,games
7.0,28.0,26.0,1.0,15:58.08,478414.0,2022,games
8.0,15.0,58.0,1.0,08:54.02,478414.0,2022,games
9.0,38.0,6.0,1.0,126 cal,478414.0,2022,games
10.0,38.0,6.0,1.0,05:40.52,478414.0,2022,games
11.0,38.0,6.0,1.0,280 lb,478414.0,2022,games
1.0,39.0,4.0,1.0,42:39.37,672425.0,2022,games
2.0,39.0,4.0,1.0,08:28.45,672425.0,2022,games
3.0,37.0,8.0,1.0,5 rep,672425.0,2022,games
4.0,39.0,4.0,1.0,39 pt,672425.0,2022,games
5.0,37.0,8.0,1.0,CAP+27,672425.0,2022,games
6.0,39.0,4.0,1.0,45:26.36,672425.0,2022,games
7.0,39.0,4.0,1.0,CAP+1,672425.0,2022,games
8.0,34.0,14.0,1.0,CAP+39,672425.0,2022,games
9.0,33.0,16.0,1.0,133 cal,672425.0,2022,games
10.0,33.0,16.0,1.0,04:49.82,672425.0,2022,games
11.0,20.0,43.0,1.0,310 lb,672425.0,2022,games
1.0,28.0,26.0,1.0,39:55.97,901467.0,2022,games
2.0,40.0,2.0,1.0,09:00.00,901467.0,2022,games
4.0,29.0,24.0,1.0,29 pt,901467.0,2022,games
5.0,36.0,10.0,1.0,CAP+24,901467.0,2022,games
1.0,2.0,97.0,1.0,38:26.64,163097.0,2022,games
2.0,2.0,97.0,1.0,07:08.14,163097.0,2022,games
3.0,1.0,100.0,1.0,18 rep,163097.0,2022,games
4.0,23.0,36.0,1.0,23 pt,163097.0,2022,games
5.0,9.0,76.0,1.0,11:22.64,163097.0,2022,games
6.0,3.0,94.0,1.0,35:11.29,163097.0,2022,games
7.0,1.0,100.0,1.0,11:58.92,163097.0,2022,games
8.0,2.0,97.0,1.0,07:45.28,163097.0,2022,games
9.0,4.0,91.0,1.0,130 cal,163097.0,2022,games
10.0,3.0,94.0,1.0,04:05.12,163097.0,2022,games
11.0,9.0,76.0,1.0,210 lb,163097.0,2022,games
12.0,17.0,40.0,1.0,09:34.20,163097.0,2022,games
13.0,2.0,96.0,1.0,01:16.08,163097.0,2022,games
14.0,10.0,64.0,1.0,09:47.28,163097.0,2022,games
1.0,6.0,85.0,1.0,39:06.04,1239980.0,2022,games
2.0,15.0,58.0,1.0,07:47.24,1239980.0,2022,games
3.0,3.0,94.0,1.0,14 rep,1239980.0,2022,games
4.0,4.0,91.0,1.0,4 pt,1239980.0,2022,games
5.0,3.0,94.0,1.0,10:33.77,1239980.0,2022,games
6.0,9.0,76.0,1.0,37:20.04,1239980.0,2022,games
7.0,2.0,97.0,1.0,12:58.91,1239980.0,2022,games
8.0,15.0,58.0,1.0,11:18.24,1239980.0,2022,games
9.0,9.0,76.0,1.0,127 cal,1239980.0,2022,games
10.0,2.0,97.0,1.0,04:04.66,1239980.0,2022,games
11.0,24.0,34.0,1.0,200 lb,1239980.0,2022,games
12.0,18.0,37.0,1.0,09:49.08,1239980.0,2022,games
13.0,12.0,56.0,1.0,02:25.13,1239980.0,2022,games
14.0,3.0,92.0,1.0,08:45.58,1239980.0,2022,games
1.0,5.0,88.0,1.0,39:01.25,591912.0,2022,games
2.0,25.0,32.0,1.0,07:59.99,591912.0,2022,games
3.0,19.0,46.0,1.0,9 rep,591912.0,2022,games
4.0,16.0,55.0,1.0,16 pt,591912.0,2022,games
5.0,21.0,40.0,1.0,CAP+6,591912.0,2022,games
6.0,2.0,97.0,1.0,35:02.72,591912.0,2022,games
7.0,12.0,67.0,1.0,15:00.33,591912.0,2022,games
8.0,39.0,4.0,1.0,CAP+84,591912.0,2022,games
9.0,3.0,94.0,1.0,133 cal,591912.0,2022,games
10.0,9.0,76.0,1.0,04:19.41,591912.0,2022,games
11.0,3.0,94.0,1.0,230 lb,591912.0,2022,games
12.0,1.0,100.0,1.0,06:46.96,591912.0,2022,games
13.0,1.0,100.0,1.0,01:13.11,591912.0,2022,games
14.0,4.0,88.0,1.0,08:46.72,591912.0,2022,games
1.0,27.0,28.0,1.0,43:40.00,349097.0,2022,games
2.0,12.0,67.0,1.0,07:40.22,349097.0,2022,games
3.0,2.0,97.0,1.0,15 rep,349097.0,2022,games
4.0,1.0,100.0,1.0,1 pt,349097.0,2022,games
5.0,6.0,85.0,1.0,10:48.71,349097.0,2022,games
6.0,6.0,85.0,1.0,36:05.00,349097.0,2022,games
7.0,5.0,88.0,1.0,13:41.83,349097.0,2022,games
8.0,28.0,26.0,1.0,CAP+29,349097.0,2022,games
9.0,12.0,67.0,1.0,124 cal,349097.0,2022,games
10.0,4.0,91.0,1.0,04:08.80,349097.0,2022,games
11.0,15.0,58.0,1.0,200 lb,349097.0,2022,games
12.0,14.0,49.0,1.0,09:05.16,349097.0,2022,games
13.0,25.0,16.0,1.0,CAP+6,349097.0,2022,games
14.0,6.0,80.0,1.0,09:10.18,349097.0,2022,games
1.0,11.0,70.0,1.0,40:20.22,168305.0,2022,games
2.0,6.0,85.0,1.0,07:26.21,168305.0,2022,games
3.0,7.0,82.0,1.0,12 rep,168305.0,2022,games
4.0,31.0,20.0,1.0,31 pt,168305.0,2022,games
5.0,17.0,52.0,1.0,CAP,168305.0,2022,games
6.0,4.0,91.0,1.0,35:13.89,168305.0,2022,games
7.0,27.0,28.0,1.0,16:34.82,168305.0,2022,games
8.0,12.0,67.0,1.0,10:40.68,168305.0,2022,games
9.0,10.0,73.0,1.0,126 cal,168305.0,2022,games
10.0,14.0,61.0,1.0,04:24.71,168305.0,2022,games
11.0,6.0,85.0,1.0,220 lb,168305.0,2022,games
12.0,15.0,46.0,1.0,09:15.26,168305.0,2022,games
13.0,3.0,92.0,1.0,01:21.87,168305.0,2022,games
14.0,13.0,52.0,1.0,09:56.07,168305.0,2022,games
1.0,3.0,94.0,1.0,38:30.48,1931423.0,2022,games
2.0,9.0,76.0,1.0,07:33.66,1931423.0,2022,games
3.0,4.0,91.0,1.0,13 rep,1931423.0,2022,games
4.0,3.0,94.0,1.0,3 pt,1931423.0,2022,games
5.0,16.0,55.0,1.0,CAP,1931423.0,2022,games
6.0,11.0,70.0,1.0,38:08.40,1931423.0,2022,games
7.0,3.0,94.0,1.0,13:29.56,1931423.0,2022,games
8.0,9.0,76.0,1.0,09:43.37,1931423.0,2022,games
9.0,15.0,58.0,1.0,123 cal,1931423.0,2022,games
10.0,10.0,73.0,1.0,04:20.22,1931423.0,2022,games
11.0,33.0,16.0,1.0,180 lb,1931423.0,2022,games
12.0,24.0,19.0,1.0,10:40.60,1931423.0,2022,games
13.0,21.0,28.0,1.0,CAP+2,1931423.0,2022,games
14.0,14.0,49.0,1.0,10:06.95,1931423.0,2022,games
1.0,9.0,76.0,1.0,39:59.64,2942.0,2022,games
2.0,38.0,6.0,1.0,08:18.08,2942.0,2022,games
3.0,24.0,34.0,1.0,8 rep,2942.0,2022,games
4.0,24.0,34.0,1.0,24 pt,2942.0,2022,games
5.0,2.0,97.0,1.0,10:31.72,2942.0,2022,games
6.0,19.0,46.0,1.0,40:20.98,2942.0,2022,games
7.0,6.0,85.0,1.0,13:46.47,2942.0,2022,games
8.0,17.0,52.0,1.0,11:50.98,2942.0,2022,games
9.0,5.0,88.0,1.0,130 cal,2942.0,2022,games
10.0,5.0,88.0,1.0,04:10.73,2942.0,2022,games
11.0,17.0,52.0,1.0,200 lb,2942.0,2022,games
12.0,9.0,68.0,1.0,08:45.35,2942.0,2022,games
13.0,9.0,68.0,1.0,02:05.83,2942.0,2022,games
14.0,2.0,96.0,1.0,08:35.97,2942.0,2022,games
1.0,12.0,67.0,1.0,40:20.29,764556.0,2022,games
2.0,3.0,94.0,1.0,07:17.19,764556.0,2022,games
3.0,6.0,85.0,1.0,12 rep,764556.0,2022,games
4.0,27.0,28.0,1.0,27 pt,764556.0,2022,games
5.0,30.0,22.0,1.0,CAP+20,764556.0,2022,games
6.0,1.0,100.0,1.0,33:34.67,764556.0,2022,games
7.0,17.0,52.0,1.0,15:26.73,764556.0,2022,games
8.0,35.0,12.0,1.0,CAP+35,764556.0,2022,games
9.0,18.0,49.0,1.0,122 cal,764556.0,2022,games
10.0,6.0,85.0,1.0,04:15.81,764556.0,2022,games
11.0,26.0,30.0,1.0,200 lb,764556.0,2022,games
12.0,5.0,84.0,1.0,08:04.36,764556.0,2022,games
13.0,5.0,84.0,1.0,01:27.68,764556.0,2022,games
14.0,7.0,76.0,1.0,09:28.66,764556.0,2022,games
1.0,1.0,100.0,1.0,38:23.74,671666.0,2022,games
2.0,1.0,100.0,1.0,06:59.46,671666.0,2022,games
3.0,17.0,52.0,1.0,9 rep,671666.0,2022,games
4.0,9.0,76.0,1.0,9 pt,671666.0,2022,games
5.0,18.0,49.0,1.0,CAP+3,671666.0,2022,games
6.0,5.0,88.0,1.0,35:51.51,671666.0,2022,games
7.0,4.0,91.0,1.0,13:41.11,671666.0,2022,games
8.0,18.0,49.0,1.0,CAP+3,671666.0,2022,games
9.0,6.0,85.0,1.0,129 cal,671666.0,2022,games
10.0,21.0,40.0,1.0,04:34.86,671666.0,2022,games
11.0,32.0,18.0,1.0,190 lb,671666.0,2022,games
12.0,23.0,22.0,1.0,10:38.47,671666.0,2022,games
13.0,26.0,13.0,1.0,CAP+8,671666.0,2022,games
14.0,5.0,84.0,1.0,08:56.87,671666.0,2022,games
1.0,4.0,91.0,1.0,39:01.04,503582.0,2022,games
2.0,11.0,70.0,1.0,07:40.17,503582.0,2022,games
3.0,18.0,49.0,1.0,9 rep,503582.0,2022,games
4.0,14.0,61.0,1.0,14 pt,503582.0,2022,games
5.0,12.0,67.0,1.0,11:51.29,503582.0,2022,games
6.0,18.0,49.0,1.0,40:11.30,503582.0,2022,games
7.0,16.0,55.0,1.0,15:17.18,503582.0,2022,games
8.0,1.0,100.0,1.0,06:41.18,503582.0,2022,games
9.0,11.0,70.0,1.0,125 cal,503582.0,2022,games
10.0,17.0,52.0,1.0,04:31.39,503582.0,2022,games
11.0,29.0,24.0,1.0,190 lb,503582.0,2022,games
12.0,6.0,80.0,1.0,08:06.83,503582.0,2022,games
13.0,20.0,31.0,1.0,CAP+2,503582.0,2022,games
14.0,11.0,60.0,1.0,09:52.53,503582.0,2022,games
1.0,16.0,55.0,1.0,41:10.34,132258.0,2022,games
2.0,16.0,55.0,1.0,07:47.42,132258.0,2022,games
3.0,9.0,76.0,1.0,12 rep,132258.0,2022,games
4.0,7.0,82.0,1.0,7 pt,132258.0,2022,games
5.0,1.0,100.0,1.0,10:17.06,132258.0,2022,games
6.0,17.0,52.0,1.0,40:11.01,132258.0,2022,games
7.0,10.0,73.0,1.0,14:36.73,132258.0,2022,games
8.0,10.0,73.0,1.0,10:04.54,132258.0,2022,games
9.0,7.0,82.0,1.0,128 cal,132258.0,2022,games
10.0,27.0,28.0,1.0,05:00.89,132258.0,2022,games
11.0,28.0,26.0,1.0,190 lb,132258.0,2022,games
12.0,10.0,64.0,1.0,08:49.08,132258.0,2022,games
13.0,19.0,34.0,1.0,CAP+1,132258.0,2022,games
14.0,21.0,28.0,1.0,10:21.49,132258.0,2022,games
1.0,10.0,73.0,1.0,40:19.55,239442.0,2022,games
2.0,20.0,43.0,1.0,07:52.64,239442.0,2022,games
3.0,10.0,73.0,1.0,12 rep,239442.0,2022,games
4.0,37.0,8.0,1.0,37 pt,239442.0,2022,games
5.0,5.0,88.0,1.0,10:42.96,239442.0,2022,games
6.0,10.0,73.0,1.0,37:58.62,239442.0,2022,games
7.0,15.0,58.0,1.0,15:15.20,239442.0,2022,games
8.0,3.0,94.0,1.0,08:01.72,239442.0,2022,games
9.0,28.0,26.0,1.0,111 cal,239442.0,2022,games
10.0,32.0,18.0,1.0,05:10.38,239442.0,2022,games
11.0,11.0,70.0,1.0,210 lb,239442.0,2022,games
12.0,7.0,76.0,1.0,08:28.28,239442.0,2022,games
13.0,10.0,64.0,1.0,02:21.70,239442.0,2022,games
14.0,19.0,34.0,1.0,10:19.02,239442.0,2022,games
1.0,13.0,64.0,1.0,40:24.64,310687.0,2022,games
2.0,4.0,91.0,1.0,07:20.73,310687.0,2022,games
3.0,13.0,64.0,1.0,10 rep,310687.0,2022,games
4.0,10.0,73.0,1.0,10 pt,310687.0,2022,games
5.0,4.0,91.0,1.0,10:37.31,310687.0,2022,games
6.0,8.0,79.0,1.0,37:12.19,310687.0,2022,games
7.0,11.0,70.0,1.0,14:45.68,310687.0,2022,games
8.0,16.0,55.0,1.0,11:22.52,310687.0,2022,games
9.0,19.0,46.0,1.0,121 cal,310687.0,2022,games
10.0,24.0,34.0,1.0,04:49.43,310687.0,2022,games
11.0,19.0,46.0,1.0,200 lb,310687.0,2022,games
12.0,27.0,10.0,1.0,11:00.32,310687.0,2022,games
13.0,17.0,40.0,1.0,03:25.13,310687.0,2022,games
14.0,23.0,22.0,1.0,10:37.34,310687.0,2022,games
1.0,24.0,34.0,1.0,43:23.19,174547.0,2022,games
2.0,23.0,36.0,1.0,07:57.47,174547.0,2022,games
3.0,12.0,67.0,1.0,11 rep,174547.0,2022,games
4.0,12.0,67.0,1.0,12 pt,174547.0,2022,games
5.0,24.0,34.0,1.0,CAP+9,174547.0,2022,games
6.0,7.0,82.0,1.0,36:05.92,174547.0,2022,games
7.0,38.0,6.0,1.0,CAP+18,174547.0,2022,games
8.0,29.0,24.0,1.0,CAP+29,174547.0,2022,games
9.0,2.0,97.0,1.0,133 cal,174547.0,2022,games
10.0,11.0,70.0,1.0,04:20.61,174547.0,2022,games
11.0,4.0,91.0,1.0,230 lb,174547.0,2022,games
12.0,8.0,72.0,1.0,08:38.24,174547.0,2022,games
13.0,4.0,88.0,1.0,01:24.37,174547.0,2022,games
14.0,27.0,10.0,1.0,10:56.15,174547.0,2022,games
1.0,17.0,52.0,1.0,41:13.39,299053.0,2022,games
2.0,13.0,64.0,1.0,07:41.50,299053.0,2022,games
3.0,8.0,79.0,1.0,12 rep,299053.0,2022,games
4.0,6.0,85.0,1.0,6 pt,299053.0,2022,games
5.0,35.0,12.0,1.0,CAP+23,299053.0,2022,games
6.0,12.0,67.0,1.0,38:28.97,299053.0,2022,games
7.0,14.0,61.0,1.0,15:09.00,299053.0,2022,games
8.0,36.0,10.0,1.0,CAP+50,299053.0,2022,games
9.0,23.0,36.0,1.0,119 cal,299053.0,2022,games
10.0,18.0,49.0,1.0,04:32.11,299053.0,2022,games
11.0,2.0,97.0,1.0,240 lb,299053.0,2022,games
12.0,19.0,34.0,1.0,10:03.05,299053.0,2022,games
13.0,15.0,46.0,1.0,02:52.49,299053.0,2022,games
14.0,8.0,72.0,1.0,09:29.65,299053.0,2022,games
1.0,8.0,79.0,1.0,39:43.56,1458106.0,2022,games
2.0,7.0,82.0,1.0,07:28.74,1458106.0,2022,games
3.0,14.0,61.0,1.0,10 rep,1458106.0,2022,games
4.0,39.0,4.0,1.0,39 pt,1458106.0,2022,games
5.0,34.0,14.0,1.0,CAP+22,1458106.0,2022,games
6.0,20.0,43.0,1.0,40:32.53,1458106.0,2022,games
7.0,13.0,64.0,1.0,15:00.85,1458106.0,2022,games
8.0,11.0,70.0,1.0,10:40.04,1458106.0,2022,games
9.0,1.0,100.0,1.0,137 cal,1458106.0,2022,games
10.0,19.0,46.0,1.0,04:33.17,1458106.0,2022,games
11.0,25.0,32.0,1.0,200 lb,1458106.0,2022,games
12.0,13.0,52.0,1.0,08:55.05,1458106.0,2022,games
13.0,26.0,13.0,1.0,CAP+8,1458106.0,2022,games
14.0,1.0,100.0,1.0,08:29.53,1458106.0,2022,games
1.0,29.0,24.0,1.0,43:43.84,670000.0,2022,games
2.0,39.0,4.0,1.0,08:21.02,670000.0,2022,games
3.0,30.0,22.0,1.0,6 rep,670000.0,2022,games
4.0,15.0,58.0,1.0,15 pt,670000.0,2022,games
5.0,7.0,82.0,1.0,11:03.74,670000.0,2022,games
6.0,16.0,55.0,1.0,39:54.05,670000.0,2022,games
7.0,33.0,16.0,1.0,17:38.00,670000.0,2022,games
8.0,5.0,88.0,1.0,08:57.34,670000.0,2022,games
9.0,22.0,38.0,1.0,120 cal,670000.0,2022,games
10.0,13.0,64.0,1.0,04:21.31,670000.0,2022,games
11.0,1.0,100.0,1.0,250 lb,670000.0,2022,games
12.0,2.0,96.0,1.0,07:25.72,670000.0,2022,games
13.0,8.0,72.0,1.0,01:44.62,670000.0,2022,games
14.0,20.0,31.0,1.0,10:19.56,670000.0,2022,games
1.0,22.0,38.0,1.0,42:37.41,1119323.0,2022,games
2.0,29.0,24.0,1.0,08:05.04,1119323.0,2022,games
3.0,16.0,55.0,1.0,10 rep,1119323.0,2022,games
4.0,20.0,43.0,1.0,20 pt,1119323.0,2022,games
5.0,22.0,38.0,1.0,CAP+6,1119323.0,2022,games
6.0,14.0,61.0,1.0,39:28.34,1119323.0,2022,games
7.0,23.0,36.0,1.0,16:14.00,1119323.0,2022,games
8.0,33.0,16.0,1.0,CAP+34,1119323.0,2022,games
9.0,16.0,55.0,1.0,123 cal,1119323.0,2022,games
10.0,1.0,100.0,1.0,03:55.94,1119323.0,2022,games
11.0,7.0,82.0,1.0,210 lb,1119323.0,2022,games
12.0,4.0,88.0,1.0,08:00.90,1119323.0,2022,games
13.0,14.0,49.0,1.0,02:43.87,1119323.0,2022,games
14.0,16.0,43.0,1.0,10:10.73,1119323.0,2022,games
1.0,7.0,82.0,1.0,39:07.12,831149.0,2022,games
2.0,10.0,73.0,1.0,07:38.23,831149.0,2022,games
3.0,5.0,88.0,1.0,13 rep,831149.0,2022,games
4.0,25.0,32.0,1.0,25 pt,831149.0,2022,games
5.0,32.0,18.0,1.0,CAP+21,831149.0,2022,games
6.0,26.0,30.0,1.0,41:42.53,831149.0,2022,games
7.0,7.0,82.0,1.0,13:52.24,831149.0,2022,games
8.0,38.0,6.0,1.0,CAP+84,831149.0,2022,games
9.0,8.0,79.0,1.0,128 cal,831149.0,2022,games
10.0,33.0,16.0,1.0,05:14.45,831149.0,2022,games
11.0,18.0,49.0,1.0,200 lb,831149.0,2022,games
12.0,16.0,43.0,1.0,09:27.11,831149.0,2022,games
13.0,22.0,25.0,1.0,CAP+3,831149.0,2022,games
14.0,17.0,40.0,1.0,10:13.14,831149.0,2022,games
1.0,20.0,43.0,1.0,42:18.76,698210.0,2022,games
2.0,29.0,24.0,1.0,08:05.04,698210.0,2022,games
3.0,20.0,43.0,1.0,9 rep,698210.0,2022,games
4.0,28.0,26.0,1.0,28 pt,698210.0,2022,games
5.0,28.0,26.0,1.0,CAP+16,698210.0,2022,games
6.0,21.0,40.0,1.0,40:32.66,698210.0,2022,games
7.0,22.0,38.0,1.0,16:12.00,698210.0,2022,games
8.0,21.0,40.0,1.0,CAP+13,698210.0,2022,games
9.0,20.0,43.0,1.0,121 cal,698210.0,2022,games
10.0,20.0,43.0,1.0,04:33.53,698210.0,2022,games
11.0,8.0,79.0,1.0,210 lb,698210.0,2022,games
12.0,3.0,92.0,1.0,07:57.17,698210.0,2022,games
13.0,18.0,37.0,1.0,03:49.38,698210.0,2022,games
14.0,9.0,68.0,1.0,09:31.77,698210.0,2022,games
1.0,30.0,22.0,1.0,43:46.10,531598.0,2022,games
2.0,17.0,52.0,1.0,07:49.39,531598.0,2022,games
3.0,11.0,70.0,1.0,11 rep,531598.0,2022,games
4.0,11.0,70.0,1.0,11 pt,531598.0,2022,games
5.0,14.0,61.0,1.0,CAP,531598.0,2022,games
6.0,27.0,28.0,1.0,41:56.86,531598.0,2022,games
7.0,9.0,76.0,1.0,14:30.00,531598.0,2022,games
8.0,37.0,8.0,1.0,CAP+54,531598.0,2022,games
9.0,30.0,22.0,1.0,109 cal,531598.0,2022,games
10.0,8.0,79.0,1.0,04:19.35,531598.0,2022,games
11.0,10.0,73.0,1.0,210 lb,531598.0,2022,games
12.0,25.0,16.0,1.0,10:44.39,531598.0,2022,games
13.0,16.0,43.0,1.0,03:15.83,531598.0,2022,games
14.0,25.0,16.0,1.0,10:50.44,531598.0,2022,games
1.0,23.0,36.0,1.0,43:22.94,19501.0,2022,games
2.0,8.0,79.0,1.0,07:30.92,19501.0,2022,games
3.0,15.0,58.0,1.0,10 rep,19501.0,2022,games
4.0,8.0,79.0,1.0,8 pt,19501.0,2022,games
5.0,19.0,46.0,1.0,CAP+3,19501.0,2022,games
6.0,25.0,32.0,1.0,41:39.19,19501.0,2022,games
7.0,18.0,49.0,1.0,15:37.42,19501.0,2022,games
8.0,13.0,64.0,1.0,10:52.51,19501.0,2022,games
9.0,27.0,28.0,1.0,114 cal,19501.0,2022,games
10.0,28.0,26.0,1.0,05:01.97,19501.0,2022,games
11.0,27.0,28.0,1.0,190 lb,19501.0,2022,games
12.0,20.0,31.0,1.0,10:12.18,19501.0,2022,games
13.0,23.0,22.0,1.0,CAP+5,19501.0,2022,games
14.0,29.0,4.0,1.0,CAP+80,19501.0,2022,games
1.0,15.0,58.0,1.0,40:34.50,239148.0,2022,games
2.0,19.0,46.0,1.0,07:52.14,239148.0,2022,games
3.0,38.0,6.0,1.0,2 rep,239148.0,2022,games
4.0,13.0,64.0,1.0,13 pt,239148.0,2022,games
5.0,14.0,61.0,1.0,CAP,239148.0,2022,games
6.0,15.0,58.0,1.0,39:53.20,239148.0,2022,games
7.0,20.0,43.0,1.0,15:54.22,239148.0,2022,games
8.0,27.0,28.0,1.0,CAP+28,239148.0,2022,games
9.0,33.0,16.0,1.0,102 cal,239148.0,2022,games
10.0,15.0,58.0,1.0,04:27.24,239148.0,2022,games
11.0,30.0,22.0,1.0,190 lb,239148.0,2022,games
12.0,28.0,7.0,1.0,13:45.51,239148.0,2022,games
13.0,13.0,52.0,1.0,02:26.17,239148.0,2022,games
14.0,15.0,46.0,1.0,10:09.60,239148.0,2022,games
1.0,31.0,20.0,1.0,43:47.83,1232297.0,2022,games
2.0,21.0,40.0,1.0,07:53.97,1232297.0,2022,games
3.0,25.0,32.0,1.0,7 rep,1232297.0,2022,games
4.0,32.0,18.0,1.0,32 pt,1232297.0,2022,games
5.0,23.0,36.0,1.0,CAP+6,1232297.0,2022,games
6.0,24.0,34.0,1.0,41:35.76,1232297.0,2022,games
7.0,25.0,32.0,1.0,16:18.00,1232297.0,2022,games
8.0,8.0,79.0,1.0,09:39.33,1232297.0,2022,games
9.0,24.0,34.0,1.0,115 cal,1232297.0,2022,games
10.0,25.0,32.0,1.0,04:55.58,1232297.0,2022,games
11.0,16.0,55.0,1.0,200 lb,1232297.0,2022,games
12.0,21.0,28.0,1.0,10:14.87,1232297.0,2022,games
13.0,7.0,76.0,1.0,01:33.64,1232297.0,2022,games
14.0,18.0,37.0,1.0,10:17.95,1232297.0,2022,games
1.0,32.0,18.0,1.0,43:53.46,1190381.0,2022,games
2.0,22.0,38.0,1.0,07:57.31,1190381.0,2022,games
3.0,23.0,36.0,1.0,8 rep,1190381.0,2022,games
4.0,19.0,46.0,1.0,19 pt,1190381.0,2022,games
5.0,27.0,28.0,1.0,CAP+14,1190381.0,2022,games
6.0,37.0,8.0,1.0,51:02.37,1190381.0,2022,games
7.0,24.0,34.0,1.0,16:17.00,1190381.0,2022,games
8.0,6.0,85.0,1.0,09:24.43,1190381.0,2022,games
9.0,14.0,61.0,1.0,123 cal,1190381.0,2022,games
10.0,16.0,55.0,1.0,04:30.73,1190381.0,2022,games
11.0,35.0,12.0,1.0,180 lb,1190381.0,2022,games
12.0,26.0,13.0,1.0,10:45.56,1190381.0,2022,games
13.0,24.0,19.0,1.0,CAP+5,1190381.0,2022,games
14.0,12.0,56.0,1.0,09:55.34,1190381.0,2022,games
1.0,36.0,10.0,1.0,45:34.00,1346810.0,2022,games
2.0,34.0,14.0,1.0,08:14.26,1346810.0,2022,games
3.0,27.0,28.0,1.0,7 rep,1346810.0,2022,games
4.0,26.0,30.0,1.0,26 pt,1346810.0,2022,games
5.0,26.0,30.0,1.0,CAP+13,1346810.0,2022,games
6.0,29.0,24.0,1.0,43:39.07,1346810.0,2022,games
7.0,39.0,4.0,1.0,CAP+31,1346810.0,2022,games
8.0,7.0,82.0,1.0,09:31.93,1346810.0,2022,games
9.0,32.0,18.0,1.0,107 cal,1346810.0,2022,games
10.0,7.0,82.0,1.0,04:17.94,1346810.0,2022,games
11.0,23.0,36.0,1.0,200 lb,1346810.0,2022,games
12.0,12.0,56.0,1.0,08:51.75,1346810.0,2022,games
13.0,11.0,60.0,1.0,02:22.07,1346810.0,2022,games
14.0,24.0,19.0,1.0,10:39.82,1346810.0,2022,games
1.0,39.0,4.0,1.0,49:27.22,656004.0,2022,games
2.0,37.0,8.0,1.0,08:17.77,656004.0,2022,games
3.0,33.0,16.0,1.0,5 rep,656004.0,2022,games
4.0,18.0,49.0,1.0,18 pt,656004.0,2022,games
5.0,10.0,73.0,1.0,11:37.19,656004.0,2022,games
6.0,32.0,18.0,1.0,45:19.34,656004.0,2022,games
7.0,31.0,20.0,1.0,17:07.00,656004.0,2022,games
8.0,23.0,36.0,1.0,CAP+26,656004.0,2022,games
9.0,29.0,24.0,1.0,111 cal,656004.0,2022,games
10.0,12.0,67.0,1.0,04:20.90,656004.0,2022,games
11.0,20.0,43.0,1.0,200 lb,656004.0,2022,games
12.0,22.0,25.0,1.0,10:29.47,656004.0,2022,games
13.0,6.0,80.0,1.0,01:33.39,656004.0,2022,games
14.0,22.0,25.0,1.0,10:26.20,656004.0,2022,games
1.0,18.0,49.0,1.0,41:49.74,585046.0,2022,games
2.0,26.0,30.0,1.0,08:01.34,585046.0,2022,games
3.0,35.0,12.0,1.0,4 rep,585046.0,2022,games
4.0,21.0,40.0,1.0,21 pt,585046.0,2022,games
5.0,8.0,79.0,1.0,11:14.72,585046.0,2022,games
6.0,34.0,14.0,1.0,46:06.38,585046.0,2022,games
7.0,8.0,79.0,1.0,14:09.00,585046.0,2022,games
8.0,19.0,46.0,1.0,CAP+4,585046.0,2022,games
9.0,26.0,30.0,1.0,115 cal,585046.0,2022,games
10.0,22.0,38.0,1.0,04:37.44,585046.0,2022,games
11.0,34.0,14.0,1.0,180 lb,585046.0,2022,games
12.0,29.0,4.0,1.0,16:22.19,585046.0,2022,games
13.0,26.0,13.0,1.0,CAP+8,585046.0,2022,games
14.0,28.0,7.0,1.0,CAP+7,585046.0,2022,games
1.0,19.0,46.0,1.0,41:55.34,1544576.0,2022,games
2.0,5.0,88.0,1.0,07:24.68,1544576.0,2022,games
3.0,34.0,14.0,1.0,4 rep,1544576.0,2022,games
4.0,22.0,38.0,1.0,22 pt,1544576.0,2022,games
5.0,37.0,8.0,1.0,CAP+27,1544576.0,2022,games
6.0,13.0,64.0,1.0,39:17.62,1544576.0,2022,games
7.0,32.0,18.0,1.0,17:22.00,1544576.0,2022,games
8.0,20.0,43.0,1.0,CAP+8,1544576.0,2022,games
9.0,38.0,6.0,1.0,59 cal,1544576.0,2022,games
10.0,35.0,12.0,1.0,05:28.68,1544576.0,2022,games
11.0,31.0,20.0,1.0,190 lb,1544576.0,2022,games
12.0,11.0,60.0,1.0,08:49.86,1544576.0,2022,games
13.0,26.0,13.0,1.0,CAP+8,1544576.0,2022,games
14.0,26.0,13.0,1.0,10:54.39,1544576.0,2022,games
1.0,33.0,16.0,1.0,43:54.05,555277.0,2022,games
2.0,18.0,49.0,1.0,07:50.21,555277.0,2022,games
3.0,36.0,10.0,1.0,3 rep,555277.0,2022,games
4.0,2.0,97.0,1.0,2 pt,555277.0,2022,games
5.0,11.0,70.0,1.0,11:49.34,555277.0,2022,games
6.0,39.0,4.0,1.0,54:42.90,555277.0,2022,games
7.0,19.0,46.0,1.0,15:48.00,555277.0,2022,games
8.0,24.0,34.0,1.0,CAP+26,555277.0,2022,games
9.0,36.0,10.0,1.0,74 cal,555277.0,2022,games
10.0,38.0,6.0,1.0,05:48.29,555277.0,2022,games
11.0,39.0,4.0,1.0,160 lb,555277.0,2022,games
12.0,30.0,1.0,1.0,17:25.77,555277.0,2022,games
13.0,30.0,1.0,1.0,CAP+9,555277.0,2022,games
14.0,29.0,4.0,1.0,CAP+80,555277.0,2022,games
1.0,26.0,30.0,1.0,43:33.93,1441210.0,2022,games
2.0,31.0,20.0,1.0,08:08.95,1441210.0,2022,games
3.0,21.0,40.0,1.0,9 rep,1441210.0,2022,games
4.0,38.0,6.0,1.0,38 pt,1441210.0,2022,games
5.0,38.0,6.0,1.0,CAP+28,1441210.0,2022,games
6.0,23.0,36.0,1.0,41:24.69,1441210.0,2022,games
7.0,30.0,22.0,1.0,17:02.00,1441210.0,2022,games
8.0,32.0,18.0,1.0,CAP+33,1441210.0,2022,games
9.0,21.0,40.0,1.0,120 cal,1441210.0,2022,games
10.0,23.0,36.0,1.0,04:47.48,1441210.0,2022,games
11.0,5.0,88.0,1.0,230 lb,1441210.0,2022,games
1.0,21.0,40.0,1.0,42:19.19,1207609.0,2022,games
2.0,27.0,28.0,1.0,08:01.44,1207609.0,2022,games
3.0,26.0,30.0,1.0,7 rep,1207609.0,2022,games
4.0,35.0,12.0,1.0,35 pt,1207609.0,2022,games
5.0,33.0,16.0,1.0,CAP+21,1207609.0,2022,games
6.0,28.0,26.0,1.0,42:03.43,1207609.0,2022,games
7.0,28.0,26.0,1.0,16:38.00,1207609.0,2022,games
8.0,31.0,20.0,1.0,CAP+33,1207609.0,2022,games
9.0,17.0,52.0,1.0,122 cal,1207609.0,2022,games
10.0,29.0,24.0,1.0,05:03.13,1207609.0,2022,games
11.0,14.0,61.0,1.0,210 lb,1207609.0,2022,games
1.0,37.0,8.0,1.0,46:45.83,221169.0,2022,games
2.0,33.0,16.0,1.0,08:14.15,221169.0,2022,games
3.0,37.0,8.0,1.0,3 rep,221169.0,2022,games
4.0,17.0,52.0,1.0,17 pt,221169.0,2022,games
5.0,20.0,43.0,1.0,CAP+6,221169.0,2022,games
6.0,30.0,22.0,1.0,43:43.91,221169.0,2022,games
7.0,21.0,40.0,1.0,16:10.00,221169.0,2022,games
8.0,14.0,61.0,1.0,11:06.86,221169.0,2022,games
9.0,31.0,20.0,1.0,107 cal,221169.0,2022,games
10.0,36.0,10.0,1.0,05:29.74,221169.0,2022,games
11.0,22.0,38.0,1.0,200 lb,221169.0,2022,games
1.0,34.0,14.0,1.0,44:50.15,254824.0,2022,games
2.0,35.0,12.0,1.0,08:14.74,254824.0,2022,games
3.0,28.0,26.0,1.0,7 rep,254824.0,2022,games
4.0,34.0,14.0,1.0,34 pt,254824.0,2022,games
5.0,31.0,20.0,1.0,CAP+21,254824.0,2022,games
6.0,22.0,38.0,1.0,40:38.91,254824.0,2022,games
7.0,37.0,8.0,1.0,CAP+2,254824.0,2022,games
8.0,22.0,38.0,1.0,CAP+19,254824.0,2022,games
9.0,25.0,32.0,1.0,115 cal,254824.0,2022,games
10.0,26.0,30.0,1.0,04:59.31,254824.0,2022,games
11.0,12.0,67.0,1.0,210 lb,254824.0,2022,games
1.0,35.0,12.0,1.0,44:54.06,1983424.0,2022,games
2.0,24.0,34.0,1.0,07:59.36,1983424.0,2022,games
3.0,31.0,20.0,1.0,5 rep,1983424.0,2022,games
4.0,5.0,88.0,1.0,5 pt,1983424.0,2022,games
5.0,13.0,64.0,1.0,11:53.83,1983424.0,2022,games
6.0,35.0,12.0,1.0,47:17.38,1983424.0,2022,games
7.0,36.0,10.0,1.0,17:57.00,1983424.0,2022,games
8.0,30.0,22.0,1.0,CAP+32,1983424.0,2022,games
9.0,39.0,4.0,1.0,54 cal,1983424.0,2022,games
10.0,30.0,22.0,1.0,05:07.51,1983424.0,2022,games
11.0,37.0,8.0,1.0,170 lb,1983424.0,2022,games
1.0,28.0,26.0,1.0,43:41.04,314703.0,2022,games
2.0,32.0,18.0,1.0,08:12.42,314703.0,2022,games
3.0,29.0,24.0,1.0,6 rep,314703.0,2022,games
4.0,30.0,22.0,1.0,30 pt,314703.0,2022,games
5.0,36.0,10.0,1.0,CAP+27,314703.0,2022,games
6.0,33.0,16.0,1.0,45:36.58,314703.0,2022,games
7.0,35.0,12.0,1.0,17:50.00,314703.0,2022,games
8.0,4.0,91.0,1.0,08:36.64,314703.0,2022,games
9.0,37.0,8.0,1.0,73 cal,314703.0,2022,games
10.0,34.0,14.0,1.0,05:21.68,314703.0,2022,games
11.0,21.0,40.0,1.0,200 lb,314703.0,2022,games
1.0,25.0,32.0,1.0,43:23.96,1558034.0,2022,games
2.0,36.0,10.0,1.0,08:15.35,1558034.0,2022,games
3.0,32.0,18.0,1.0,5 rep,1558034.0,2022,games
4.0,29.0,24.0,1.0,29 pt,1558034.0,2022,games
5.0,25.0,32.0,1.0,CAP+11,1558034.0,2022,games
6.0,38.0,6.0,1.0,52:51.25,1558034.0,2022,games
7.0,26.0,30.0,1.0,16:28.00,1558034.0,2022,games
8.0,25.0,32.0,1.0,CAP+26,1558034.0,2022,games
9.0,13.0,64.0,1.0,124 cal,1558034.0,2022,games
10.0,39.0,4.0,1.0,06:07.00,1558034.0,2022,games
11.0,38.0,6.0,1.0,170 lb,1558034.0,2022,games
1.0,40.0,2.0,1.0,CAP+7,762495.0,2022,games
2.0,14.0,61.0,1.0,07:47.10,762495.0,2022,games
3.0,22.0,38.0,1.0,8 rep,762495.0,2022,games
4.0,35.0,12.0,1.0,35 pt,762495.0,2022,games
5.0,39.0,4.0,1.0,CAP+30,762495.0,2022,games
6.0,36.0,10.0,1.0,48:39.41,762495.0,2022,games
7.0,29.0,24.0,1.0,16:59.00,762495.0,2022,games
8.0,26.0,30.0,1.0,CAP+27,762495.0,2022,games
9.0,35.0,12.0,1.0,78 cal,762495.0,2022,games
10.0,31.0,20.0,1.0,05:08.01,762495.0,2022,games
11.0,36.0,10.0,1.0,180 lb,762495.0,2022,games
1.0,38.0,6.0,1.0,47:30.83,505225.0,2022,games
2.0,28.0,26.0,1.0,08:03.50,505225.0,2022,games
3.0,39.0,4.0,1.0,2 rep,505225.0,2022,games
4.0,33.0,16.0,1.0,33 pt,505225.0,2022,games
5.0,29.0,24.0,1.0,CAP+16,505225.0,2022,games
6.0,31.0,20.0,1.0,43:45.06,505225.0,2022,games
7.0,34.0,14.0,1.0,17:49.00,505225.0,2022,games
8.0,34.0,14.0,1.0,CAP+34,505225.0,2022,games
9.0,34.0,14.0,1.0,93 cal,505225.0,2022,games
10.0,37.0,8.0,1.0,05:46.02,505225.0,2022,games
11.0,13.0,64.0,1.0,210 lb,505225.0,2022,games
1.0,14.0,61.0,1.0,40:27.40,484380.0,2022,games
