ordinal,rank,score,valid,scoreDisplay,scoreIdentifier,mobileScoreDisplay,scaled,video,heat,lane,breakdown,competitorId
1,5,88,1,1:10:54.31,7c1a5d8597b52e58b888,,0,0,,,88 pts,811708
2,15,58,1,09:13.54,17abd90e392bf5f82867,,0,0,,,58 pts,811708
3,11,70,1,01:18.21,e36bf0a693c297204fc2,,0,0,,,70 pts,811708
4,2,97,1,14:50.28,2909e36dc32303d62419,,0,0,,,97 pts,811708
5,4,91,1,12:05.77,42fa841b175f953cd3fe,,0,0,,,91 pts,811708
6,6,85,1,05:59.86,c57503621fe21ba5ae70,,0,0,,,85 pts,811708
7,7,82,1,05:56.71,013e2099084fae6c7d6b,,0,0,,,82 pts,811708
8,2,97,1,02:15.33,29cd8a6dcbeb147e1bec,,0,0,,,97 pts,811708
9,9,76,1,03:48.63,712eaf8cb7d239cca60f,,0,0,,,76 pts,811708
10,6,80,1,21:36.01,286c7b073a28a8dd23ef,,0,0,,,80 pts,811708
11,10,55,1,230 rep,c2689ce48ac7e5b2a29b,,0,0,,,55 pts,811708
12,7,70,1,285.0 lb,f0583e348e44ac70026e,,0,0,,,70 pts,811708
13,3,90,1,04:46.59,eb5bd4efd67eacbb21e7,,0,0,,,90 pts,811708
14,2,95,1,06:41.27,299428503fc38f109f4b,,0,0,,,95 pts,811708
15,1,100,1,06:36.59,0ad96fcc0c1fb1a77c20,,0,0,,,100 pts,811708
1,35,12,1,1:19:48.62,4c7990ada57218b96283,,0,0,,,12 pts,158264
2,1,100,1,07:42.42,bd4ebddef71e28046166,,0,0,,,100 pts,158264
3,3,94,1,01:15.72,bb20f8d084e950dd4397,,0,0,,,94 pts,158264
4,7,82,1,15:36.64,8af76e49019c0d69e741,,0,0,,,82 pts,158264
5,1,100,1,11:49.00,5c156ea1aa23ba741238,,0,0,,,100 pts,158264
6,9,76,1,CAP+1,ed5ca5c222037dcef2b1,,0,0,,,76 pts,158264
7,11,70,1,06:14.26,02c282dbf61be0be124e,,0,0,,,70 pts,158264
8,16,55,1,03:56.28,47d8454d5e77500956dc,,0,0,,,55 pts,158264
9,5,88,1,03:41.08,e94b5e8eb9962bbf11be,,0,0,,,88 pts,158264
10,11,60,1,21:52.73,f7f46abf173101ec0c7a,,0,0,,,60 pts,158264
11,5,80,1,255 rep,bbcf01efe1b9555b801f,,0,0,,,80 pts,158264
12,3,90,1,290.0 lb,8b5c456c9896cccb1a76,,0,0,,,90 pts,158264
13,2,95,1,04:44.04,01b1aadfca557d26f7eb,,0,0,,,95 pts,158264
14,1,100,1,06:31.65,0076308b9298ae720762,,0,0,,,100 pts,158264
15,11,50,1,07:29.05,af16025bc9a9e0609fb7,,0,0,,,50 pts,158264
1,8,79,1,1:12:08.38,2bdef9ee18d67d6936b0,,0,0,,,79 pts,107101
2,7,82,1,08:35.34,f9eaff1d33f3f1a39026,,0,0,,,82 pts,107101
3,12,67,1,01:18.25,862efe0ac9070cb772a1,,0,0,,,67 pts,107101
4,3,94,1,15:05.03,057af25b847849b7e60d,,0,0,,,94 pts,107101
5,2,97,1,12:01.27,2897455b2f1bb441a417,,0,0,,,97 pts,107101
6,10,73,1,CAP+1,4c365210d89b78e297df,,0,0,,,73 pts,107101
7,13,64,1,06:32.40,15c251806acd534e6aaa,,0,0,,,64 pts,107101
8,13,64,1,03:28.99,4e62ec9b4834e2cfa1a4,,0,0,,,64 pts,107101
9,1,100,1,03:31.25,f89c8569f9ef72022155,,0,0,,,100 pts,107101
10,26,13,1,24:09.64,6f6656c7b487dcbc1b35,,0,0,,,13 pts,107101
11,7,70,1,253 rep,20f63cf981c1ff9ce253,,0,0,,,70 pts,107101
12,4,85,1,285.0 lb,e64a526edb931a841960,,0,0,,,85 pts,107101
13,11,50,1,07:52.87,93a98f0dfcedefb0800d,,0,0,,,50 pts,107101
14,9,60,1,CAP+12,6bfd90609f25e2c1886e,,0,0,,,60 pts,107101
15,15,30,1,07:37.77,a3f31c4425bd842dc251,,0,0,,,30 pts,107101
1,6,85,1,1:11:10.13,60c7f5af02cb73d3eb90,,0,0,,,85 pts,81616
2,9,76,1,08:45.81,839c551c25f7b38834c3,,0,0,,,76 pts,81616
3,8,79,1,01:17.68,9da3119fb14c6a65adfc,,0,0,,,79 pts,81616
4,12,67,1,16:51.86,77c5d9453498a4ec8d40,,0,0,,,67 pts,81616
5,11,70,1,12:26.45,6c9b76165b6049d25d2a,,0,0,,,70 pts,81616
6,13,64,1,CAP+1,769ed22ec2a5679bd702,,0,0,,,64 pts,81616
7,23,36,1,07:15.79,30f1ba3ad57fb4af0486,,0,0,,,36 pts,81616
8,6,85,1,02:47.05,712eee75abdee9cc9998,,0,0,,,85 pts,81616
9,15,58,1,03:57.31,3f908b17adb9778e9e9a,,0,0,,,58 pts,81616
10,14,49,1,22:01.12,35d62c6d015bd440e3cd,,0,0,,,49 pts,81616
11,3,90,1,261 rep,77f5a6dff0ce197bbb0b,,0,0,,,90 pts,81616
12,13,40,1,275.0 lb,0f05162dce7bd3d66dcb,,0,0,,,40 pts,81616
13,1,100,1,04:41.17,7548e29ad6c932eb56cf,,0,0,,,100 pts,81616
14,5,80,1,CAP+7,a62b4ccdec547b46fc55,,0,0,,,80 pts,81616
15,16,25,1,07:53.37,10a517ba5f1b13d3d01a,,0,0,,,25 pts,81616
1,20,43,1,1:14:00.84,6cf89af45ba3f1434479,,0,0,,,43 pts,310970
2,14,61,1,09:11.03,38adde40e1f141d01e9a,,0,0,,,61 pts,310970
3,4,91,1,01:15.94,254428cc8313224f76eb,,0,0,,,91 pts,310970
4,4,91,1,15:17.35,88b8d9b958f7205b91af,,0,0,,,91 pts,310970
5,9,76,1,12:21.05,e75c5fbfe59788752bcd,,0,0,,,76 pts,310970
6,5,88,1,05:53.66,4fe59afa1fb3341f6ee0,,0,0,,,88 pts,310970
7,5,88,1,05:43.34,aa9824641ee4d6e0144e,,0,0,,,88 pts,310970
8,7,82,1,02:57.28,6a46537894fbe7d927eb,,0,0,,,82 pts,310970
9,29,24,1,04:25.76,de085b089c7fece9483f,,0,0,,,24 pts,310970
10,18,37,1,22:35.57,b2201074c9cebbf5b48c,,0,0,,,37 pts,310970
11,13,40,1,214 rep,d9f853587e3db4593106,,0,0,,,40 pts,310970
12,5,80,1,285.0 lb,e16fe57432430e8e6497,,0,0,,,80 pts,310970
13,19,10,1,11:43.43,266d607d78599885602e,,0,0,,,10 pts,310970
14,3,90,1,CAP+3,9de0d28453992d2af1de,,0,0,,,90 pts,310970
15,2,95,1,06:47.09,0c55001b047f6cc85de0,,0,0,,,95 pts,310970
1,1,100,1,1:06:44.23,a4c934c3fbfce8fcf9c4,,0,0,,,100 pts,173837
2,11,70,1,09:02.46,3eab4ea76762615c3861,,0,0,,,70 pts,173837
3,13,64,1,01:18.30,a54ec8d6d1a08c36557e,,0,0,,,64 pts,173837
4,9,76,1,16:32.51,5432f366e6801472800f,,0,0,,,76 pts,173837
5,6,85,1,12:12.03,b33b44ce32085c4013f6,,0,0,,,85 pts,173837
6,25,32,1,CAP+2,0dcc5a1696e16036d10e,,0,0,,,32 pts,173837
7,24,34,1,07:29.34,d7c9f82ecc15f4af7184,,0,0,,,34 pts,173837
8,9,76,1,03:02.13,4de297134cd2d00b9f08,,0,0,,,76 pts,173837
9,7,82,1,03:46.09,c526b43a9c3d9369acb2,,0,0,,,82 pts,173837
10,15,46,1,22:09.25,f1e1675dee475361210a,,0,0,,,46 pts,173837
11,4,85,1,259 rep,f6ae7d02609c0c6f5812,,0,0,,,85 pts,173837
12,17,20,1,260.0 lb,259555d43a82741cce77,,0,0,,,20 pts,173837
13,14,35,1,07:58.21,2512a916b7dd821117fb,,0,0,,,35 pts,173837
14,7,70,1,CAP+8,cc4011cf485fdbae64ea,,0,0,,,70 pts,173837
15,3,90,1,07:00.66,0f9ee7785adda787baee,,0,0,,,90 pts,173837
1,22,38,1,1:14:44.05,733db7da83377745550a,,0,0,,,38 pts,686308
2,6,85,1,08:28.34,4a2b7bce20b886e27547,,0,0,,,85 pts,686308
3,1,100,1,01:15.37,399b772660a121ff63fd,,0,0,,,100 pts,686308
4,27,28,1,CAP,9bd0b8a923502bad9890,,0,0,,,28 pts,686308
5,26,30,1,13:32.52,44cd90dc366739663548,,0,0,,,30 pts,686308
6,8,79,1,CAP,d11e1e5efdb0551fa20a,,0,0,,,79 pts,686308
7,1,100,1,04:51.61,e7e9fbb904a471f1d831,,0,0,,,100 pts,686308
8,5,88,1,02:45.87,16560bc57644142f49f1,,0,0,,,88 pts,686308
9,16,55,1,03:59.95,0ebc8d311ff8420870b6,,0,0,,,55 pts,686308
10,27,10,1,24:38.58,74b2c8b04d11067b07eb,,0,0,,,10 pts,686308
11,6,75,1,254 rep,9a9839805ca5f7c500cc,,0,0,,,75 pts,686308
12,1,100,1,305.0 lb,c35a9acf0cb4a9534fa3,,0,0,,,100 pts,686308
13,16,25,1,11:07.65,b420abe41bc63e3a4bb6,,0,0,,,25 pts,686308
14,9,60,1,CAP+12,5911c5d52ef48410615a,,0,0,,,60 pts,686308
15,4,85,1,07:01.54,1783feacb6e583fb1cae,,0,0,,,85 pts,686308
1,3,94,1,1:09:48.17,270f43bc2dc70549b07b,,0,0,,,94 pts,180541
2,17,52,1,09:23.37,83f082d02d892e6a0bbb,,0,0,,,52 pts,180541
3,15,58,1,01:18.52,08a7495b3c672a01b119,,0,0,,,58 pts,180541
4,33,16,1,CAP+11,f26bd252f49d3a594f2c,,0,0,,,16 pts,180541
5,14,61,1,12:42.38,924452d4b8a4723f6e9c,,0,0,,,61 pts,180541
6,4,91,1,05:52.50,4af170c75f9700d18b69,,0,0,,,91 pts,180541
7,3,94,1,05:23.83,231d6f3eefa6fa7e0eb4,,0,0,,,94 pts,180541
8,14,61,1,03:34.22,b9e8a423c907edfad8ce,,0,0,,,61 pts,180541
9,2,97,1,03:37.93,63886aa8455894db4eb7,,0,0,,,97 pts,180541
10,9,68,1,21:46.73,f423e32dfaadb849eb39,,0,0,,,68 pts,180541
11,14,35,1,208 rep,c64f70149507a433d031,,0,0,,,35 pts,180541
12,10,55,1,280.0 lb,4cb30a8ea1341ba6f029,,0,0,,,55 pts,180541
13,9,60,1,07:47.55,5f153ad686c6d7a9ff9a,,0,0,,,60 pts,180541
14,20,5,1,CAP+36,5766ea9312e468611467,,0,0,,,5 pts,180541
15,8,65,1,07:23.88,867824cdde61ce7e5cb0,,0,0,,,65 pts,180541
1,2,97,1,1:09:08.68,3721ffc982bfa60d6495,,0,0,,,97 pts,1059467
2,13,64,1,09:07.40,d79d0b939466a3e32229,,0,0,,,64 pts,1059467
3,30,22,1,01:22.07,50655828a535f80d9da7,,0,0,,,22 pts,1059467
4,10,73,1,16:36.46,bad34f68af945bfb94d5,,0,0,,,73 pts,1059467
5,12,67,1,12:27.87,1a6867d061c47ff281e6,,0,0,,,67 pts,1059467
6,22,38,1,CAP+1,e761c6b0ab83d4c3fc34,,0,0,,,38 pts,1059467
7,26,30,1,07:51.79,631e00136b85fb038508,,0,0,,,30 pts,1059467
8,12,67,1,03:21.86,9a165685fb8bc67c0282,,0,0,,,67 pts,1059467
9,13,64,1,03:53.98,e136b58a7aaae4fed67d,,0,0,,,64 pts,1059467
10,1,100,1,21:10.18,767de2bc775e3e3b0258,,0,0,,,100 pts,1059467
11,2,95,1,271 rep,48c39852de9d4b516d26,,0,0,,,95 pts,1059467
12,15,30,1,270.0 lb,e6cb65ce27432858cd36,,0,0,,,30 pts,1059467
13,18,15,1,11:34.80,ce713f266348a443b11c,,0,0,,,15 pts,1059467
14,8,65,1,CAP+11,95f900583cfacf7a8cd6,,0,0,,,65 pts,1059467
15,9,60,1,07:25.77,45275def98c60fe5e691,,0,0,,,60 pts,1059467
1,17,52,1,1:13:35.04,2f12cbc6a2a92067a1ea,,0,0,,,52 pts,2725
2,21,40,1,09:31.18,922b1b76c5b71e812dab,,0,0,,,40 pts,2725
3,10,73,1,01:18.09,17b9f78b27795a8eeef9,,0,0,,,73 pts,2725
4,6,85,1,15:35.01,c729ea98eabf42da11bb,,0,0,,,85 pts,2725
5,23,36,1,12:59.60,334e95e9e421fa47c578,,0,0,,,36 pts,2725
6,19,46,1,CAP+1,e9b56059c69e2c21ec29,,0,0,,,46 pts,2725
7,12,67,1,06:31.23,191e7f8f404d6baf80c1,,0,0,,,67 pts,2725
8,10,73,1,03:02.24,8b4a7338fbfd62c4e581,,0,0,,,73 pts,2725
9,11,70,1,03:49.97,7ae92e3cd3553ccc5d79,,0,0,,,70 pts,2725
10,25,16,1,23:32.85,d62c1c69dc1061e4d917,,0,0,,,16 pts,2725
11,10,55,1,230 rep,8c503ef8aa3e227de086,,0,0,,,55 pts,2725
12,16,25,1,260.0 lb,5c2a323cd695534f6acf,,0,0,,,25 pts,2725
13,5,80,1,04:49.69,ed20f66fe33bfe397b74,,0,0,,,80 pts,2725
14,4,85,1,CAP+4,66191cb4cdb0d4ebac83,,0,0,,,85 pts,2725
15,7,70,1,07:16.90,60b169103e50b0391a01,,0,0,,,70 pts,2725
1,24,34,1,1:15:20.59,6b58459e5c7b21594d63,,0,0,,,34 pts,34796
2,3,94,1,08:16.30,abfca618730aa671a8a9,,0,0,,,94 pts,34796
3,36,10,1,01:33.60,2970318305b60e9323cb,,0,0,,,10 pts,34796
4,1,100,1,13:39.61,5f06933333614946a176,,0,0,,,100 pts,34796
5,7,82,1,12:12.93,a808a2ba9e672ffac0fe,,0,0,,,82 pts,34796
6,30,22,1,CAP+2,32107fdfc57d063287d8,,0,0,,,22 pts,34796
7,14,61,1,06:33.78,8e76a82ca963d24167b4,,0,0,,,61 pts,34796
8,1,100,1,02:05.21,ba54265caeccf5e11108,,0,0,,,100 pts,34796
9,27,28,1,04:19.50,a2e2eeeac285cfd27ae0,,0,0,,,28 pts,34796
10,29,4,1,25:40.05,0d59fc7a32d798066303,,0,0,,,4 pts,34796
11,7,70,1,253 rep,21bbc05a613fd25852f8,,0,0,,,70 pts,34796
12,9,60,1,280.0 lb,36182c05dbfa9be85b81,,0,0,,,60 pts,34796
13,17,20,1,11:08.00,5db4c4a808fedba75daa,,0,0,,,20 pts,34796
14,5,80,1,CAP+7,440888eff21f4b3b5ef6,,0,0,,,80 pts,34796
15,6,75,1,07:16.20,95a8738e4207443ec0e2,,0,0,,,75 pts,34796
1,10,73,1,1:12:40.21,58c7a33f9717ec48716a,,0,0,,,73 pts,1690
2,34,14,1,11:25.40,580ab48c4d7e8c8494dd,,0,0,,,14 pts,1690
3,17,52,1,01:18.76,1f82b5cbed579c672b02,,0,0,,,52 pts,1690
4,22,38,1,19:50.46,a207c2243d30221ceb67,,0,0,,,38 pts,1690
5,10,73,1,12:22.32,bd54f1727518ee7899ec,,0,0,,,73 pts,1690
6,3,94,1,05:51.30,75a948acb49588201eee,,0,0,,,94 pts,1690
7,21,40,1,07:02.82,6cce0a4c4d0be66910af,,0,0,,,40 pts,1690
8,11,70,1,03:15.36,a846b2ba755b3b3ae6b5,,0,0,,,70 pts,1690
9,4,91,1,03:40.07,5df60a7a73275e4d9d84,,0,0,,,91 pts,1690
10,13,52,1,21:57.97,dae2fbaec0be2be2a9dd,,0,0,,,52 pts,1690
11,18,15,1,184 rep,0113160ca3e72a24260d,,0,0,,,15 pts,1690
12,11,50,1,275.0 lb,0ed7e3d00ac787090bdd,,0,0,,,50 pts,1690
13,8,65,1,04:55.42,eba5972f3ab015594b7d,,0,0,,,65 pts,1690
14,18,15,1,CAP+32,993c420db20de1956125,,0,0,,,15 pts,1690
15,5,80,1,07:15.89,ba665631c02227b32170,,0,0,,,80 pts,1690
1,21,40,1,1:14:39.13,90ae424e0676740dcc6f,,0,0,,,40 pts,469656
2,25,32,1,09:55.27,22b696382799f0841916,,0,0,,,32 pts,469656
3,19,46,1,01:19.12,d05599892fc05a4b2b1f,,0,0,,,46 pts,469656
4,14,61,1,17:13.36,56b7f0750a9ecfcbd247,,0,0,,,61 pts,469656
5,32,18,1,14:04.22,d76aa8f3ee8fd9d32384,,0,0,,,18 pts,469656
6,1,100,1,05:45.01,7193cb103a92dc2a9e5f,,0,0,,,100 pts,469656
7,2,97,1,04:59.78,bbfe87e8fe0e81eee160,,0,0,,,97 pts,469656
8,26,30,1,CAP,efac3c413cf9e4bff742,,0,0,,,30 pts,469656
9,24,34,1,04:09.91,87abfba59bed313988dd,,0,0,,,34 pts,469656
10,8,72,1,21:43.00,aec54c49019fca31ddab,,0,0,,,72 pts,469656
11,9,60,1,245 rep,912cb1fa4b56bb3e2fe2,,0,0,,,60 pts,469656
12,12,45,1,275.0 lb,f7408905c50c263e32a5,,0,0,,,45 pts,469656
13,4,85,1,04:49.49,69ae690181f2906f55ea,,0,0,,,85 pts,469656
14,13,40,1,CAP+18,fef62e0cbaf6539d98a3,,0,0,,,40 pts,469656
15,10,55,1,07:28.15,dcaaae0da18996f5c5b6,,0,0,,,55 pts,469656
1,16,55,1,1:13:22.12,8fae8d981280355cae73,,0,0,,,55 pts,153625
2,16,55,1,09:13.76,d6c1f15c7e9d02e15ff1,,0,0,,,55 pts,153625
3,28,26,1,01:21.96,2afc6d0b931922e9d371,,0,0,,,26 pts,153625
4,16,55,1,17:13.73,428d67b356a391f2f3c5,,0,0,,,55 pts,153625
5,8,79,1,12:18.30,2d12c34e688ff9537c7e,,0,0,,,79 pts,153625
6,18,49,1,CAP+1,bcd4a5cec2fd8840a6c9,,0,0,,,49 pts,153625
7,27,28,1,CAP+1,df2e529786ca4084cce4,,0,0,,,28 pts,153625
8,20,43,1,04:07.11,adc38f26369dffbc2c9b,,0,0,,,43 pts,153625
9,20,43,1,04:02.12,d7654592fd8e7624ca46,,0,0,,,43 pts,153625
10,4,88,1,21:28.18,598ca8adc6100c552440,,0,0,,,88 pts,153625
11,1,100,1,276 rep,d7b14ba784447428dcc3,,0,0,,,100 pts,153625
12,18,15,1,225.0 lb,9a6b2538dbb880e01f45,,0,0,,,15 pts,153625
13,7,70,1,04:55.38,c30e56e05ceb532dfd03,,0,0,,,70 pts,153625
14,14,35,1,CAP+23,04bb6f22190c2246f693,,0,0,,,35 pts,153625
15,14,35,1,07:36.47,5df18de39a3c79b6556d,,0,0,,,35 pts,153625
1,15,58,1,1:13:14.15,ef75d2fd85b2d922752f,,0,0,,,58 pts,371085
2,18,49,1,09:26.50,1781b2d2e1564f2a3da3,,0,0,,,49 pts,371085
3,5,88,1,01:16.77,0d2d50578754d5a87179,,0,0,,,88 pts,371085
4,11,70,1,16:49.34,72a6d96645770ff50308,,0,0,,,70 pts,371085
5,20,43,1,12:56.70,255c3a70cd850e02d50b,,0,0,,,43 pts,371085
6,17,52,1,CAP+1,0fd6d73d9aaa0f8c5bd3,,0,0,,,52 pts,371085
7,9,76,1,06:04.10,00ea94aae76938ee60e0,,0,0,,,76 pts,371085
8,24,34,1,04:40.56,d0b523d12e864c6509e2,,0,0,,,34 pts,371085
9,10,73,1,03:49.08,1666884270b7e2adf87b,,0,0,,,73 pts,371085
10,22,25,1,23:18.23,df13f167cb3e2ba76187,,0,0,,,25 pts,371085
11,17,20,1,201 rep,e6b816930ee4f3a562ed,,0,0,,,20 pts,371085
12,6,75,1,285.0 lb,43669f0026b6de617e31,,0,0,,,75 pts,371085
13,13,40,1,07:56.15,c683481d4e0db5a1f980,,0,0,,,40 pts,371085
14,11,50,1,CAP+16,c80704583058c51039cd,,0,0,,,50 pts,371085
15,18,15,1,08:08.68,9243fbc585ceaf8beecc,,0,0,,,15 pts,371085
1,36,10,1,1:20:23.53,7f0d2e6c00e2ae985aed,,0,0,,,10 pts,202638
2,5,88,1,08:26.19,ca0d5bf9482e6d302450,,0,0,,,88 pts,202638
3,22,38,1,01:19.38,46311f893295821941d3,,0,0,,,38 pts,202638
4,23,36,1,20:08.34,4d228730dcae26c2c943,,0,0,,,36 pts,202638
5,3,94,1,12:01.53,62bfe6c25ca7b579cefc,,0,0,,,94 pts,202638
6,14,61,1,CAP+1,42e1ce91d4021906f56b,,0,0,,,61 pts,202638
7,4,91,1,05:37.32,f554a223eec6a0b95b2f,,0,0,,,91 pts,202638
8,4,91,1,02:39.72,5dd552fe29e7a3179ea9,,0,0,,,91 pts,202638
9,22,38,1,04:05.67,58b3a252af55637da995,,0,0,,,38 pts,202638
10,28,7,1,24:55.22,8f541be83be074abadb1,,0,0,,,7 pts,202638
11,12,45,1,215 rep,30310837c01ba7dd9713,,0,0,,,45 pts,202638
12,2,95,1,300.0 lb,ab1a638febe6294a92b4,,0,0,,,95 pts,202638
13,12,45,1,07:53.03,9e0112169e5393f26670,,0,0,,,45 pts,202638
14,19,10,1,CAP+33,931823de41d1b03d3cf1,,0,0,,,10 pts,202638
15,20,5,1,08:46.34,b212bdc1b19922dd1902,,0,0,,,5 pts,202638
1,7,82,1,1:11:35.12,ef2bdd7d71e7dd17ef47,,0,0,,,82 pts,337194
2,22,38,1,09:39.30,37ee204595001f564336,,0,0,,,38 pts,337194
3,23,36,1,01:19.39,685da7cb08439246c141,,0,0,,,36 pts,337194
4,20,43,1,19:11.36,81085ef7f198d4fe3464,,0,0,,,43 pts,337194
5,21,40,1,12:57.41,78e82c7829c5f782443f,,0,0,,,40 pts,337194
6,2,97,1,05:46.56,1c5d3b8ff57356e1d970,,0,0,,,97 pts,337194
7,10,73,1,06:04.92,03d571d291b66f4717d3,,0,0,,,73 pts,337194
8,22,38,1,04:31.58,f573b7c2ef7a1d7f48d5,,0,0,,,38 pts,337194
9,14,61,1,03:55.15,11de7d09f70e04d4f760,,0,0,,,61 pts,337194
10,2,96,1,21:14.81,2042c2ad436b76044d9f,,0,0,,,96 pts,337194
11,20,5,1,161 rep,41af0c9658b22a33e893,,0,0,,,5 pts,337194
12,20,5,1,225.0 lb,d80fec09dee1bc8ab358,,0,0,,,5 pts,337194
13,15,30,1,08:00.16,e17603484f8572c5cf8f,,0,0,,,30 pts,337194
14,12,45,1,CAP+17,074b7f66f125c570e34e,,0,0,,,45 pts,337194
15,13,40,1,07:32.43,570ab5f837d78dc6c5d8,,0,0,,,40 pts,337194
1,9,76,1,1:12:26.84,1d7e6777705104759622,,0,0,,,76 pts,680734
2,12,67,1,09:05.40,eee7c44585489755a4da,,0,0,,,67 pts,680734
3,16,55,1,01:18.67,35b9c6a633ee40aa7c0b,,0,0,,,55 pts,680734
4,31,20,1,CAP+8,6a4b2603384112b985dc,,0,0,,,20 pts,680734
5,5,88,1,12:09.89,e945e1f6172e441b601d,,0,0,,,88 pts,680734
6,24,34,1,CAP+2,9a392408af895a0b1ab6,,0,0,,,34 pts,680734
7,15,58,1,06:37.63,575d139b79a8f22dc54d,,0,0,,,58 pts,680734
8,18,49,1,04:05.08,3315b511b73732dbeebe,,0,0,,,49 pts,680734
9,21,40,1,04:02.73,962f5286cede6e1962f3,,0,0,,,40 pts,680734
10,12,56,1,21:54.53,b3e46bae6a987c630e39,,0,0,,,56 pts,680734
11,19,10,1,162 rep,915c2b0ab0aaa36f4d38,,0,0,,,10 pts,680734
12,19,10,1,225.0 lb,44fe14ea40ce174c9dd9,,0,0,,,10 pts,680734
13,6,75,1,04:53.39,cb5708fbd588232f9562,,0,0,,,75 pts,680734
14,16,25,1,CAP+30,dc0044b922bcb85b0b26,,0,0,,,25 pts,680734
15,12,45,1,07:32.03,be7ffa1626be61df8dc4,,0,0,,,45 pts,680734
1,12,67,1,1:12:56.12,ee7c098532ee67768d8a,,0,0,,,67 pts,1020449
2,33,16,1,11:23.50,97bccd72e302d8e924a2,,0,0,,,16 pts,1020449
3,7,82,1,01:17.26,94fbce0f96452ec7f1d2,,0,0,,,82 pts,1020449
4,24,34,1,20:31.47,5a3f5cbed2f19461d1cc,,0,0,,,34 pts,1020449
5,33,16,1,14:19.31,937079d044282005912b,,0,0,,,16 pts,1020449
6,11,70,1,CAP+1,92284de6eb04593ab1cd,,0,0,,,70 pts,1020449
7,8,79,1,05:59.57,fba738652070a71967e7,,0,0,,,79 pts,1020449
8,30,22,1,CAP+7,9083405874d769bd1d53,,0,0,,,22 pts,1020449
9,8,79,1,03:47.58,ac822a4224ac5711fe4c,,0,0,,,79 pts,1020449
10,7,76,1,21:42.22,e9208d5dcbb38cfc51a7,,0,0,,,76 pts,1020449
11,15,30,1,207 rep,461a597ae10ed9ed443d,,0,0,,,30 pts,1020449
12,14,35,1,270.0 lb,5e0cf0454b32b0fcf555,,0,0,,,35 pts,1020449
13,10,55,1,07:51.59,248f3c8a415d1385bd98,,0,0,,,55 pts,1020449
14,17,20,1,CAP+31,08a8a1749d8c6e0addb9,,0,0,,,20 pts,1020449
15,17,20,1,08:08.35,f202d637284da095adec,,0,0,,,20 pts,1020449
1,30,22,1,1:17:03.71,d436cf43d7d02262886b,,0,0,,,22 pts,35627
2,8,79,1,08:42.00,3f3967c774bf5e3bf2d9,,0,0,,,79 pts,35627
3,2,97,1,01:15.59,e42eeb4cc7671fcc2c9a,,0,0,,,97 pts,35627
4,21,40,1,19:46.52,9b777fed90e4cd6f93dc,,0,0,,,40 pts,35627
5,16,55,1,12:47.97,6407b4381ea365f31c99,,0,0,,,55 pts,35627
6,19,46,1,CAP+1,038822a87cf4e30cd8c2,,0,0,,,46 pts,35627
7,30,22,1,CAP+3,5d7cf789738bd639955e,,0,0,,,22 pts,35627
8,21,40,1,04:19.30,6959831b035c45fb0f3a,,0,0,,,40 pts,35627
9,18,49,1,04:01.66,249183f29e6b09c89cd2,,0,0,,,49 pts,35627
10,5,84,1,21:31.84,b336d063e02e1ee0fe95,,0,0,,,84 pts,35627
11,15,30,1,207 rep,c0d6c9761fa217f9469b,,0,0,,,30 pts,35627
12,8,65,1,280.0 lb,a9e89274cd4d3a4f66c1,,0,0,,,65 pts,35627
13,20,5,1,CAP+7,d5c21a6640a295c3c063,,0,0,,,5 pts,35627
14,15,30,1,CAP+29,0998c9699ec107e53857,,0,0,,,30 pts,35627
15,19,10,1,08:27.18,3e165d0cb4e8d56b91d8,,0,0,,,10 pts,35627
1,28,26,1,1:16:52.44,02d59b4ba8e3a37ce76d,,0,0,,,26 pts,469626
2,24,34,1,09:54.34,76b2df2f6e730534b9f3,,0,0,,,34 pts,469626
3,25,32,1,01:20.05,7c2dc76b2723c214f644,,0,0,,,32 pts,469626
4,13,64,1,17:06.73,212d7e0fa2218dfe7116,,0,0,,,64 pts,469626
5,15,58,1,12:46.10,08c676f9fe41a313ce95,,0,0,,,58 pts,469626
6,11,70,1,CAP+1,6fffd5ad2eb77655736a,,0,0,,,70 pts,469626
7,16,55,1,06:37.71,b7d8537fe240b5d9a79c,,0,0,,,55 pts,469626
8,19,46,1,04:06.47,227b6b22f5435c059130,,0,0,,,46 pts,469626
9,3,94,1,03:39.77,7e5aec6381ca59f8ab20,,0,0,,,94 pts,469626
10,19,34,1,23:00.38,3d515924e619bc77b8fa,,0,0,,,34 pts,469626
11,21,0,,,0427a70a82fbab313eb5,,0,0,,,,469626
12,21,0,,,ac0abd61eae1524a76d7,,0,0,,,,469626
13,21,0,,,d6733893556813a8a7b8,,0,0,,,,469626
14,21,0,,,889c5a08a55855426929,,0,0,,,,469626
15,21,0,,,ea58fbbff01a9f1f2211,,0,0,,,,469626
1,18,49,1,1:13:37.00,242735289674b3003c7f,,0,0,,,49 pts,156156
2,23,36,1,09:44.32,8edb18bf632d9f17d196,,0,0,,,36 pts,156156
3,31,20,1,01:22.21,cf06c9e8697565146795,,0,0,,,20 pts,156156
4,5,88,1,15:18.65,4bda92183775d84005d0,,0,0,,,88 pts,156156
5,27,28,1,13:36.90,b94b3e53b41614f9adca,,0,0,,,28 pts,156156
6,7,82,1,CAP,e2a5b0797874dc283a63,,0,0,,,82 pts,156156
7,20,43,1,06:48.06,22a147b96d3c1b207bd4,,0,0,,,43 pts,156156
8,15,58,1,03:53.81,2833c6bf54483713197a,,0,0,,,58 pts,156156
9,28,26,1,04:20.88,832873e4b1a685c9bcc1,,0,0,,,26 pts,156156
10,10,64,1,21:49.25,3082b55b841262026aa0,,0,0,,,64 pts,156156
11,21,0,,,45d9cb7d47857e0b39ac,,0,0,,,,156156
12,21,0,,,6e9163841faf6b4a7e72,,0,0,,,,156156
13,21,0,,,1e27799e20204d358f67,,0,0,,,,156156
14,21,0,,,b5b20b483cff1d23b302,,0,0,,,,156156
15,21,0,,,669d951ede04615098b9,,0,0,,,,156156
1,14,61,1,1:13:10.55,22f1d7e7bae1508f98d4,,0,0,,,61 pts,327636
2,2,97,1,08:09.71,effbaeeb14371c3778e5,,0,0,,,97 pts,327636
3,21,40,1,01:19.25,2a1e4798bd01f23d70f8,,0,0,,,40 pts,327636
4,17,52,1,18:36.67,14d75f156b61ea8139a8,,0,0,,,52 pts,327636
5,28,26,1,13:38.76,4a9d12955a3d144aade7,,0,0,,,26 pts,327636
6,35,12,1,CAP+2,f8e1ed0fb30a7582c675,,0,0,,,12 pts,327636
7,22,38,1,07:15.71,a382ae55bbb83a385857,,0,0,,,38 pts,327636
8,3,94,1,02:19.58,3a700d8c55dae454bd1f,,0,0,,,94 pts,327636
9,33,16,1,04:53.74,2068e9be29690777a26e,,0,0,,,16 pts,327636
10,16,43,1,22:11.63,25607277783852a3cb78,,0,0,,,43 pts,327636
11,21,0,,,7f1e4f8253f7cd79cbb0,,0,0,,,,327636
12,21,0,,,5f77f980b4bf13992f89,,0,0,,,,327636
13,21,0,,,2b0e2e06bf58c1babc4d,,0,0,,,,327636
14,21,0,,,c75d0df45aaa1a25ecbe,,0,0,,,,327636
15,21,0,,,98d3b5f6d55e13cdd1d6,,0,0,,,,327636
1,26,30,1,1:16:13.28,8740ef686ab69806e64e,,0,0,,,30 pts,251546
2,10,73,1,08:53.50,8a9331a47a72da25284d,,0,0,,,73 pts,251546
3,18,49,1,01:18.85,cbc1ff05faa96692563d,,0,0,,,49 pts,251546
4,30,22,1,CAP+4,f049b3196256b5f7a271,,0,0,,,22 pts,251546
5,31,20,1,13:59.18,595f9ec9fc347358738e,,0,0,,,20 pts,251546
6,14,61,1,CAP+1,4c4861b8cfac8d52e64e,,0,0,,,61 pts,251546
7,19,46,1,06:43.23,2e0d73dbd15dd38880ed,,0,0,,,46 pts,251546
8,32,18,1,CAP+16,a0c2ed2f8abbab7263f0,,0,0,,,18 pts,251546
9,6,85,1,03:45.22,e9b7720db2e0f566a31a,,0,0,,,85 pts,251546
10,23,22,1,23:21.62,a51440c334e247a8e7ee,,0,0,,,22 pts,251546
11,21,0,,,f2ae7fe3cefb59fdd202,,0,0,,,,251546
12,21,0,,,3a3fe83c5a814da5d639,,0,0,,,,251546
13,21,0,,,4ab9527584fc3b8dc429,,0,0,,,,251546
14,21,0,,,1e08b8201d149cdb0ef7,,0,0,,,,251546
15,21,0,,,78e46976b869f0190f61,,0,0,,,,251546
1,27,28,1,1:16:39.98,a0843cee997076e98d2d,,0,0,,,28 pts,472642
2,29,24,1,10:39.60,a5806221d99f415c9e86,,0,0,,,24 pts,472642
3,20,43,1,01:19.23,4fc0e06f309a3b9bef96,,0,0,,,43 pts,472642
4,8,79,1,15:53.12,22ff5043fcf4938413a3,,0,0,,,79 pts,472642
5,13,64,1,12:40.42,5ea2967c91cdb6bb09e0,,0,0,,,64 pts,472642
6,29,24,1,CAP+2,c811085be4c659ac4e65,,0,0,,,24 pts,472642
7,32,18,1,CAP+5,4289d9536b8a7d4331a1,,0,0,,,18 pts,472642
8,25,32,1,04:59.39,3f74a8e5a908fd21d83b,,0,0,,,32 pts,472642
9,32,18,1,04:47.95,bec412c12b1dbfd444c3,,0,0,,,18 pts,472642
10,3,92,1,21:22.73,8f031bf804d2df288b0a,,0,0,,,92 pts,472642
11,21,0,,,f931b2973e7b37165739,,0,0,,,,472642
12,21,0,,,185fde180c827d26a5f7,,0,0,,,,472642
13,21,0,,,271cf0137664380b3ac9,,0,0,,,,472642
14,21,0,,,f4b057651820bcc509d5,,0,0,,,,472642
15,21,0,,,145185961738192c223a,,0,0,,,,472642
1,19,46,1,1:13:37.05,91d756bb0e27cd068a4a,,0,0,,,46 pts,120333
2,4,91,1,08:17.50,3627cbc4c4b20dc63253,,0,0,,,91 pts,120333
3,26,30,1,01:20.32,6400c753ab0574960498,,0,0,,,30 pts,120333
4,26,30,1,20:59.91,b3ac9846f89586884bd0,,0,0,,,30 pts,120333
5,18,49,1,12:49.41,5b99b90c60d118602e9b,,0,0,,,49 pts,120333
6,14,61,1,CAP+1,5edd0c4b1fbacf54710e,,0,0,,,61 pts,120333
7,29,24,1,CAP+2,03cd416568fa5d316dac,,0,0,,,24 pts,120333
8,28,26,1,CAP+7,5d71b52c35d1733f42cd,,0,0,,,26 pts,120333
9,30,22,1,04:27.70,98ad204ee1e7f27d8083,,0,0,,,22 pts,120333
10,17,40,1,22:15.05,bf2d2bb94ec42fb24d1a,,0,0,,,40 pts,120333
11,21,0,,,5e646e4864d40b40a405,,0,0,,,,120333
12,21,0,,,a08f8a0832f97c0b5145,,0,0,,,,120333
13,21,0,,,6eb36f511279df0d1136,,0,0,,,,120333
14,21,0,,,9e03a6f5df021b72f838,,0,0,,,,120333
15,21,0,,,7e1964b1fe026f452ad0,,0,0,,,,120333
1,4,91,1,1:10:35.29,4af9365e229caba2e23a,,0,0,,,91 pts,308651
2,27,28,1,10:13.30,6bc498404df6877c459c,,0,0,,,28 pts,308651
3,24,34,1,01:19.44,c2746b0c5ecb97bd30fb,,0,0,,,34 pts,308651
4,33,16,1,CAP+11,e66764122feaa659f28b,,0,0,,,16 pts,308651
5,17,52,1,12:48.04,a90bd03a4e0896f29863,,0,0,,,52 pts,308651
6,26,30,1,CAP+2,3daf06cb5d719428191d,,0,0,,,30 pts,308651
7,18,49,1,06:42.97,a13efc9a34bcde57a4fa,,0,0,,,49 pts,308651
8,27,28,1,CAP+2,5a83a9bb27e4f4dd3d34,,0,0,,,28 pts,308651
9,23,36,1,04:08.59,5895609a2d3df2cebd88,,0,0,,,36 pts,308651
10,24,19,1,23:24.27,a11938eaa55e2eafe942,,0,0,,,19 pts,308651
11,21,0,,,39011a064b5f7094b343,,0,0,,,,308651
12,21,0,,,03baacfd7ad25d9a7a9f,,0,0,,,,308651
13,21,0,,,d9316edffd8d973f9819,,0,0,,,,308651
14,21,0,,,29cc7f60d3debb89392c,,0,0,,,,308651
15,21,0,,,35bee998080b395c0317,,0,0,,,,308651
1,29,24,1,1:16:56.27,8db844af4467af6b58fd,,0,0,,,24 pts,20698
2,36,10,1,11:57.35,3028ccdff6e253bddaaf,,0,0,,,10 pts,20698
3,35,12,1,01:29.94,79ee1fcdc7719af39eb4,,0,0,,,12 pts,20698
4,19,46,1,18:56.95,c2de2267d241789ee751,,0,0,,,46 pts,20698
5,24,34,1,13:14.63,55b5248000e7c3d77df1,,0,0,,,34 pts,20698
6,23,36,1,CAP+1,335bb36a8a2f5279ccb8,,0,0,,,36 pts,20698
7,25,32,1,07:33.87,7f239d542f9bb52b86d2,,0,0,,,32 pts,20698
8,17,52,1,04:02.91,14a7d2ef08c7f6c23c99,,0,0,,,52 pts,20698
9,17,52,1,04:00.74,649dfbf5b9d7456b3c05,,0,0,,,52 pts,20698
10,21,28,1,23:13.99,f0f8cb24d2979d9d84cf,,0,0,,,28 pts,20698
11,21,0,,,6ad85dc56742114930ac,,0,0,,,,20698
12,21,0,,,ea91791e5a68ad9bb028,,0,0,,,,20698
13,21,0,,,1f4060e8fdcaaffe7b83,,0,0,,,,20698
14,21,0,,,46160024cd442a6ab6b9,,0,0,,,,20698
15,21,0,,,ebe38ade0c0810b0def0,,0,0,,,,20698
1,32,18,1,1:18:35.76,89715cc60d56c31ea525,,0,0,,,18 pts,888668
2,19,46,1,09:26.80,6105b7f0aafe01ff7e62,,0,0,,,46 pts,888668
3,6,85,1,01:17.07,aa66c606a96d7032a944,,0,0,,,85 pts,888668
4,32,18,1,CAP+10,0f33030ae35e8cf857c2,,0,0,,,18 pts,888668
5,22,38,1,12:58.93,35c665d1afcc078c5459,,0,0,,,38 pts,888668
6,34,14,1,CAP+2,f64ce6806923348ae826,,0,0,,,14 pts,888668
7,34,14,1,CAP+9,3c95b406a350ff85c344,,0,0,,,14 pts,888668
8,33,16,1,CAP+41,62874af3794724e80337,,0,0,,,16 pts,888668
9,25,32,1,04:13.41,7f76ee954233b57aada1,,0,0,,,32 pts,888668
10,20,31,1,23:04.71,9d260a571ec862e65e85,,0,0,,,31 pts,888668
11,21,0,,,38b104d49399e47d6cb2,,0,0,,,,888668
12,21,0,,,95e686d02b0589b0d20b,,0,0,,,,888668
13,21,0,,,cd0db2bb8f61196d2367,,0,0,,,,888668
14,21,0,,,e9bb8299a76441561e43,,0,0,,,,888668
15,21,0,,,920852cb9a04ed4e0b90,,0,0,,,,888668
1,37,8,1,1:23:12.94,90b98eeb6a74995a55c2,,0,0,,,8 pts,263026
2,38,6,1,CAP+4,2799f0a6652bb659c85d,,0,0,,,6 pts,263026
3,32,18,1,01:23.82,28fadbce112105ccd83c,,0,0,,,18 pts,263026
4,36,10,1,CAP+20,e106c7c251f66d287512,,0,0,,,10 pts,263026
5,19,46,1,12:51.00,4e13ef2387f19a4ea427,,0,0,,,46 pts,263026
6,21,40,1,CAP+1,6b7de0f99231c2f2fd0d,,0,0,,,40 pts,263026
7,6,85,1,05:47.76,d00be7119eba0ddddbd1,,0,0,,,85 pts,263026
8,31,20,1,CAP+8,bc25365d88ca8673e78a,,0,0,,,20 pts,263026
9,19,46,1,04:02.06,09156f2b4062e7fdbf6e,,0,0,,,46 pts,263026
10,30,1,1,26:06.93,0c7eaf0327129a658451,,0,0,,,1 pts,263026
11,21,0,,,8e634f46eb7fa3cb11dc,,0,0,,,,263026
12,21,0,,,02290eba3215d02ac676,,0,0,,,,263026
13,21,0,,,2d5e174204e3b58a8072,,0,0,,,,263026
14,21,0,,,71df84f2d1e194410e33,,0,0,,,,263026
15,21,0,,,33e7802a41fbfe9a4600,,0,0,,,,263026
1,34,14,1,1:19:36.84,75fcd46c5bfaa95b45ce,,0,0,,,14 pts,676693
2,26,30,1,09:55.34,612c6954523364ac02aa,,0,0,,,30 pts,676693
3,37,8,1,01:35.92,97e92ff0f37eb9bbd738,,0,0,,,8 pts,676693
4,15,58,1,17:13.37,d74161294ef9421e6881,,0,0,,,58 pts,676693
5,29,24,1,13:39.47,5446d1563a2eadcc8b01,,0,0,,,24 pts,676693
6,28,26,1,CAP+2,2e63d55303b9463a40b0,,0,0,,,26 pts,676693
7,17,52,1,06:38.43,bcde29eb0aac624bf1e6,,0,0,,,52 pts,676693
8,23,36,1,04:39.22,7a4d2066b31e1889f0f4,,0,0,,,36 pts,676693
9,26,30,1,04:16.71,7957780708aef42db96d,,0,0,,,30 pts,676693
10,31,0,,,d1f42824f7b41aefa56e,,0,0,,,,676693
11,21,0,,,b64755e9afe1c935160e,,0,0,,,,676693
12,21,0,,,5ba8ff10bdc3c65df621,,0,0,,,,676693
13,21,0,,,b913e09324eea3f37112,,0,0,,,,676693
14,21,0,,,993caaa8590339ce2b97,,0,0,,,,676693
15,21,0,,,63b0447812d3b96c890e,,0,0,,,,676693
1,31,20,1,1:17:18.34,083dfaef9d20625f1463,,0,0,,,20 pts,478414
2,30,22,1,10:48.79,4a2bdd28f25d2673c277,,0,0,,,22 pts,478414
3,34,14,1,01:25.47,79b45541006f7025ee5f,,0,0,,,14 pts,478414
4,18,49,1,18:41.41,18349eb751b62dcd47d5,,0,0,,,49 pts,478414
5,30,22,1,13:41.48,16581aa2dd6e3e1b4aa6,,0,0,,,22 pts,478414
6,33,16,1,CAP+2,b7a86760d9c7c496ef3f,,0,0,,,16 pts,478414
7,28,26,1,CAP+1,23e0fea6ed7f7c3d87a5,,0,0,,,26 pts,478414
8,8,79,1,03:00.34,82270b508a706cef8b45,,0,0,,,79 pts,478414
9,34,14,1,05:08.05,417632b5662c6892e097,,0,0,,,14 pts,478414
10,31,0,,,56d918c094b9c4d8e0e4,,0,0,,,,478414
11,21,0,,,378e3c1b041358f2aa35,,0,0,,,,478414
12,21,0,,,46a2a655901b0f196ea0,,0,0,,,,478414
13,21,0,,,0b1dda5abf3f1d10f597,,0,0,,,,478414
14,21,0,,,bb9af528d520eaa8d216,,0,0,,,,478414
15,21,0,,,198815c8b4dfe39ed9ec,,0,0,,,,478414
1,38,6,1,1:24:45.57,64c3e5a2b1f52ad192ee,,0,0,,,6 pts,483096
2,28,26,1,10:20.81,12601ba079b4ae40aac5,,0,0,,,26 pts,483096
3,14,61,1,01:18.43,6cac83cdc6d78fea813c,,0,0,,,61 pts,483096
4,35,12,1,CAP+12,80d78fdcc19deb453b51,,0,0,,,12 pts,483096
5,34,14,1,14:26.71,731b44a1fe36be0c9730,,0,0,,,14 pts,483096
6,27,28,1,CAP+2,d7a0b34410f58b08a541,,0,0,,,28 pts,483096
7,31,20,1,CAP+3,f2c9ff770903ae64284a,,0,0,,,20 pts,483096
8,34,14,1,CAP+43,b07dabde68261da92bc5,,0,0,,,14 pts,483096
9,12,67,1,03:51.61,3727b45821f80097f589,,0,0,,,67 pts,483096
10,31,0,,,9279c0db7259df9515d0,,0,0,,,,483096
11,21,0,,,1fd09bb34b508a62f79a,,0,0,,,,483096
12,21,0,,,59856d4254800156196c,,0,0,,,,483096
13,21,0,,,a7b912355baa39a766e5,,0,0,,,,483096
14,21,0,,,afbbb29c4f6713d97057,,0,0,,,,483096
15,21,0,,,a2279310b88b1ae3475a,,0,0,,,,483096
1,13,64,1,1:12:57.14,fb83722379a834be76a7,,0,0,,,64 pts,95022
2,31,20,1,10:58.17,f283d7857528df6dfbea,,0,0,,,20 pts,95022
3,29,24,1,01:22.00,8cdf946030ebdab8b293,,0,0,,,24 pts,95022
4,29,24,1,CAP+2,279defea65e2f5dadaa2,,0,0,,,24 pts,95022
5,25,32,1,13:32.39,0a29daf40835b39a0090,,0,0,,,32 pts,95022
6,32,18,1,CAP+2,be838a990c2b540bd063,,0,0,,,18 pts,95022
7,33,16,1,CAP+7,c51641352aa47588da60,,0,0,,,16 pts,95022
8,29,24,1,CAP+7,dd5f20939362d2444c20,,0,0,,,24 pts,95022
9,31,20,1,04:44.69,38b222af39107b344c49,,0,0,,,20 pts,95022
10,31,0,,,12de6df5a1fdde26dc92,,0,0,,,,95022
11,21,0,,,b34322da51d8e19070bd,,0,0,,,,95022
12,21,0,,,e9738943567c4b85b53f,,0,0,,,,95022
13,21,0,,,750979096bcfd484843e,,0,0,,,,95022
14,21,0,,,985e2d8e24484da963a9,,0,0,,,,95022
15,21,0,,,2a6e47610a0c672797dc,,0,0,,,,95022
1,25,32,1,1:15:45.30,894688073e71f8ade653,,0,0,,,32 pts,698182
2,20,43,1,09:31.11,b64acb3d73bed2c559eb,,0,0,,,43 pts,698182
3,33,16,1,01:23.98,47a2d40115410014204e,,0,0,,,16 pts,698182
4,25,32,1,20:57.01,bc4753255fc6c593e5e7,,0,0,,,32 pts,698182
5,35,12,1,14:32.38,4f535c89b0acb1de5629,,0,0,,,12 pts,698182
6,30,22,1,CAP+2,8f3aad893ca4dc74c94e,,0,0,,,22 pts,698182
7,35,0,,WD,9de51447f8a91a9a086c,,0,0,,,,698182
8,35,0,,,21ae9d268e7cfa499c78,,0,0,,,,698182
9,35,0,,,99c1e15fa8667bd2843d,,0,0,,,,698182
10,31,0,,,2150b55fd69f0dd3de61,,0,0,,,,698182
11,21,0,,,7772b4e4d6421e14d1d2,,0,0,,,,698182
12,21,0,,,8b058d4d6e08b164b326,,0,0,,,,698182
13,21,0,,,d7ea89df526469167d62,,0,0,,,,698182
14,21,0,,,170fca8c91091e11caaa,,0,0,,,,698182
15,21,0,,,bb1eddaa9ab1692d2acf,,0,0,,,,698182
1,11,70,1,1:12:40.76,dbbebd30bbd9374ed234,,0,0,,,70 pts,134617
2,35,12,1,11:29.77,8f107c3d30e590cbb545,,0,0,,,12 pts,134617
3,27,28,1,01:20.83,d31992694c075961b06b,,0,0,,,28 pts,134617
4,28,26,1,CAP+1,af82194df12662dc183e,,0,0,,,26 pts,134617
5,36,10,1,CAP+73,2f265e5618fef5fffe58,,0,0,,,10 pts,134617
6,36,0,,,596b2d245be9f12b6eae,,0,0,,,,134617
7,35,0,,,55947c88470a3554be03,,0,0,,,,134617
8,35,0,,,7b34ba679de025325ccb,,0,0,,,,134617
9,35,0,,,5e21570f96f23fe3ab29,,0,0,,,,134617
10,31,0,,,a2b9b5f01e68c7b080ab,,0,0,,,,134617
11,21,0,,,e9d49234988445de6f53,,0,0,,,,134617
12,21,0,,,33c30206db63cb40b2ed,,0,0,,,,134617
13,21,0,,,81182a5f179503344b8a,,0,0,,,,134617
14,21,0,,,27ab30858780a203b928,,0,0,,,,134617
15,21,0,,,08eb814d339f51e9ff7c,,0,0,,,,134617
1,33,16,1,1:19:08.17,a4e96ff13491fb9a88ff,,0,0,,,16 pts,6346
2,37,8,1,CAP+3,04abb01e90c6ea57ba45,,0,0,,,8 pts,6346
3,9,76,1,01:17.73,1f4930b84ca78dc78d79,,0,0,,,76 pts,6346
4,37,8,1,CAP+81,ce2c4dcad3d174bce263,,0,0,,,8 pts,6346
5,37,0,,WD,5b2dce1ff1fa3ae0c39c,,0,0,,,,6346
6,36,0,,,1ddcc6d3eb3b8f38a86e,,0,0,,,,6346
7,35,0,,,d3c390a0fca1c1bd6250,,0,0,,,,6346
8,35,0,,,2fb1fc58d000c701747f,,0,0,,,,6346
9,35,0,,,03d170059e7b505806d2,,0,0,,,,6346
10,31,0,,,99126310a7fe50e12ddd,,0,0,,,,6346
11,21,0,,,c1cd32163a3fe0cfdd62,,0,0,,,,6346
12,21,0,,,600ea901f482b6ef2e46,,0,0,,,,6346
13,21,0,,,6db3066ce93223898b1e,,0,0,,,,6346
14,21,0,,,32311ebd82c3d9af8e14,,0,0,,,,6346
15,21,0,,,a47488828070141aee44,,0,0,,,,6346
1,23,36,1,1:15:17.47,55fa17efc6796d515e07,,0,0,,,36 pts,1325298
2,32,18,1,11:07.41,f331d67725e7b3c831ac,,0,0,,,18 pts,1325298
3,38,0,,WD,3b6fae1e156986908191,,0,0,,,,1325298
4,38,0,,,51423b6a984defd4ae65,,0,0,,,,1325298
5,37,0,,,b374cff005ab4c7bcaa2,,0,0,,,,1325298
6,36,0,,,a7e67dcb705c6b623029,,0,0,,,,1325298
7,35,0,,,6a40f280a99c2964b5e4,,0,0,,,,1325298
8,35,0,,,0c330267b17d8a7d62b9,,0,0,,,,1325298
9,35,0,,,d2890883669146d4d00f,,0,0,,,,1325298
10,31,0,,,9929134d66df8170765b,,0,0,,,,1325298
11,21,0,,,ed816b65e6735cffbf99,,0,0,,,,1325298
12,21,0,,,65dd1c63a958ab60eb7b,,0,0,,,,1325298
13,21,0,,,2a62584e9fc7452b2a02,,0,0,,,,1325298
14,21,0,,,918abe60b72cc515e3a3,,0,0,,,,1325298
15,21,0,,,95da5e31b54990ee474c,,0,0,,,,1325298
1,,-1,,,,,0,0,,,,901702
2,,-1,,,,,0,0,,,,901702
3,,-1,,,,,0,0,,,,901702
4,,-1,,,,,0,0,,,,901702
5,,-1,,,,,0,0,,,,901702
6,,-1,,,,,0,0,,,,901702
7,,-1,,,,,0,0,,,,901702
8,,-1,,,,,0,0,,,,901702
9,,-1,,,,,0,0,,,,901702
10,,-1,,,,,0,0,,,,901702
11,,-1,,,,,0,0,,,,901702
12,,-1,,,,,0,0,,,,901702
13,,-1,,,,,0,0,,,,901702
14,,-1,,,,,0,0,,,,901702
15,,-1,,,,,0,0,,,,901702
1,,-1,,,,,0,0,,,,975774
2,,-1,,,,,0,0,,,,975774
3,,-1,,,,,0,0,,,,975774
4,,-1,,,,,0,0,,,,975774
5,,-1,,,,,0,0,,,,975774
6,,-1,,,,,0,0,,,,975774
7,,-1,,,,,0,0,,,,975774
8,,-1,,,,,0,0,,,,975774
9,,-1,,,,,0,0,,,,975774
10,,-1,,,,,0,0,,,,975774
11,,-1,,,,,0,0,,,,975774
12,,-1,,,,,0,0,,,,975774
13,,-1,,,,,0,0,,,,975774
14,,-1,,,,,0,0,,,,975774
15,,-1,,,,,0,0,,,,975774
1,1,100,1,1:10:46.37,4d079eb6d3d304fd5d13,,0,0,,,100 pts,163097
2,1,100,1,08:27.92,76cf8e0dd91661f19aa4,,0,0,,,100 pts,163097
3,1,100,1,01:24.17,260c586aed53a18f7ac6,,0,0,,,100 pts,163097
4,2,97,1,14:15.83,ec297bac68889aef6b93,,0,0,,,97 pts,163097
5,6,85,1,12:19.80,d538299aa108f15003be,,0,0,,,85 pts,163097
6,1,100,1,05:43.17,eb9f5e73debdd1d4348f,,0,0,,,100 pts,163097
7,1,100,1,04:44.93,a1ab936c8102a0c1e26a,,0,0,,,100 pts,163097
8,4,91,1,02:54.30,44fb79c10ad1f1358693,,0,0,,,91 pts,163097
9,5,88,1,04:45.20,033f8cd1e8fe973b1305,,0,0,,,88 pts,163097
10,5,84,1,21:49.77,74e824683cce3f8d714a,,0,0,,,84 pts,163097
11,1,100,1,231 rep,7674fcee274ede8ba1cd,,0,0,,,100 pts,163097
12,1,100,1,200.0 lb,98e0ce32fc49648a5ca8,,0,0,,,100 pts,163097
13,1,100,1,04:39.35,b5ef0b5cb8134426026e,,0,0,,,100 pts,163097
14,3,90,1,06:10.06,9a8c20a05d8c8bb65592,,0,0,,,90 pts,163097
15,1,100,1,06:22.32,d35ecd4a879f7ccdcd77,,0,0,,,100 pts,163097
1,8,79,1,1:12:24.42,de37cb9866441a589698,,0,0,,,79 pts,591912
2,3,94,1,09:58.93,d0abb5aaf36f9bc9d624,,0,0,,,94 pts,591912
3,15,58,1,01:29.63,7853f4e25d3965962da5,,0,0,,,58 pts,591912
4,19,46,1,17:53.26,ae6a1654192d7817b647,,0,0,,,46 pts,591912
5,1,100,1,11:41.55,22945d5d5f1576070f2c,,0,0,,,100 pts,591912
6,5,88,1,06:09.73,f57fd6cf96dcb1443bc4,,0,0,,,88 pts,591912
7,2,97,1,04:57.22,5f31a3636efca7062d16,,0,0,,,97 pts,591912
8,12,67,1,03:39.12,8471951b280562da090e,,0,0,,,67 pts,591912
9,3,94,1,04:22.04,4d17043c6de6ed17caa7,,0,0,,,94 pts,591912
10,15,46,1,24:14.29,94c0f9cc132946ea3694,,0,0,,,46 pts,591912
11,5,80,1,208 rep,45434077dc9ce98268ab,,0,0,,,80 pts,591912
12,3,90,1,190.0 lb,d56423ceb3619aa982c0,,0,0,,,90 pts,591912
13,3,90,1,04:51.54,1088744667188b0d141a,,0,0,,,90 pts,591912
14,10,55,1,CAP+13,8bb3cc42fdd55afd837c,,0,0,,,55 pts,591912
15,2,95,1,06:55.43,fb2f1ffa2ebb08c6ead1,,0,0,,,95 pts,591912
1,18,49,1,1:16:15.89,951aa5483359b569db4c,,0,0,,,49 pts,18588
2,7,82,1,10:27.35,14967e755244a1fbfe60,,0,0,,,82 pts,18588
3,23,36,1,01:31.36,723e76e24e204974488a,,0,0,,,36 pts,18588
4,9,76,1,16:15.51,e5608b966e190806a0ba,,0,0,,,76 pts,18588
5,7,82,1,12:20.28,8240c7a3d40b57e6a520,,0,0,,,82 pts,18588
6,11,70,1,06:25.74,8d0e0630b3bc6d50915f,,0,0,,,70 pts,18588
7,14,61,1,06:24.45,386d735eb77ad198067c,,0,0,,,61 pts,18588
8,10,73,1,03:26.97,fa6bf816d763e8968ffa,,0,0,,,73 pts,18588
9,2,97,1,04:07.26,59c8a8e0c4a77d318888,,0,0,,,97 pts,18588
10,16,43,1,24:15.41,fef4e6df193b0343f0ea,,0,0,,,43 pts,18588
11,9,60,1,192 rep,2a1fab64cccbe302b662,,0,0,,,60 pts,18588
12,2,95,1,200.0 lb,487cf2d6c079af59bef5,,0,0,,,95 pts,18588
13,4,85,1,04:53.69,4f5ca000b9cca44fb694,,0,0,,,85 pts,18588
14,1,100,1,05:22.12,ee1771a4526094b378ea,,0,0,,,100 pts,18588
15,3,90,1,07:10.58,deb6ddad590eaf34c52c,,0,0,,,90 pts,18588
1,11,70,1,1:13:08.52,cb4e3d8f16f0679f7bcb,,0,0,,,70 pts,120480
2,4,91,1,10:16.52,8297632304d43027c8e1,,0,0,,,91 pts,120480
3,4,91,1,01:26.67,248c3e6114b9c2cb1678,,0,0,,,91 pts,120480
4,8,79,1,15:05.00,c893de85511a40027ccf,,0,0,,,79 pts,120480
5,4,91,1,12:13.69,990be1e239413688444a,,0,0,,,91 pts,120480
6,3,94,1,06:07.08,e66705738e6700418491,,0,0,,,94 pts,120480
7,15,58,1,06:24.93,18c490b4d1902dc4f4a2,,0,0,,,58 pts,120480
8,5,88,1,03:00.37,752530d15d57a6b496ca,,0,0,,,88 pts,120480
9,30,22,1,05:45.70,07b76a8672b5fe9a835b,,0,0,,,22 pts,120480
10,6,80,1,21:59.49,c6cdd1ff6d473eb958ab,,0,0,,,80 pts,120480
11,11,50,1,185 rep,f550850a83d789b6845d,,0,0,,,50 pts,120480
12,17,20,1,175.0 lb,25e5641f8084806c1841,,0,0,,,20 pts,120480
13,5,80,1,04:54.86,afe234515efdc2de8efd,,0,0,,,80 pts,120480
14,2,95,1,05:33.67,abc0470ee608da548113,,0,0,,,95 pts,120480
15,10,55,1,07:47.09,c101f80eb2e47e149f88,,0,0,,,55 pts,120480
1,5,88,1,1:11:37.80,8d126ce2d229c6eb68c7,,0,0,,,88 pts,671666
2,5,88,1,10:22.46,33f3e5412a7cb3a2b2f0,,0,0,,,88 pts,671666
3,3,94,1,01:25.74,f453d7ced74a0025f3f7,,0,0,,,94 pts,671666
4,11,70,1,16:53.11,8fc4ef81eca605c333c3,,0,0,,,70 pts,671666
5,3,94,1,12:03.29,7c8d0fe61a795510ef3b,,0,0,,,94 pts,671666
6,25,32,1,06:57.66,63bcdd7af107322f0739,,0,0,,,32 pts,671666
7,33,16,1,CAP+9,66c916bf06820c87e75a,,0,0,,,16 pts,671666
8,2,97,1,02:04.47,6ccf9468a2d311c9022d,,0,0,,,97 pts,671666
9,8,79,1,04:46.60,5220b5f5c9393385877f,,0,0,,,79 pts,671666
10,3,92,1,21:36.45,85cd582fe8e5fc0b7a83,,0,0,,,92 pts,671666
11,14,35,1,161 rep,a661a45e2f98410bd05a,,0,0,,,35 pts,671666
12,16,25,1,175.0 lb,ecff2b35f8300bca826a,,0,0,,,25 pts,671666
13,12,45,1,11:10.28,4a3614f36a7ae19a1f20,,0,0,,,45 pts,671666
14,10,55,1,CAP+13,ebcf4d0659c6b4cf0490,,0,0,,,55 pts,671666
15,4,85,1,07:27.29,49c9d032ef0f225bc7c7,,0,0,,,85 pts,671666
1,22,38,1,1:16:42.61,7c835886a68cf2299969,,0,0,,,38 pts,764556
2,24,34,1,CAP+2,cdc9041c367e867847a4,,0,0,,,34 pts,764556
3,8,79,1,01:28.18,c439ef636fcc3b067c5f,,0,0,,,79 pts,764556
4,10,73,1,16:26.44,874f3893c9f761f2caf0,,0,0,,,73 pts,764556
5,2,97,1,11:56.87,02e44c266351e1de2629,,0,0,,,97 pts,764556
6,6,85,1,06:12.36,6e35f025695fe3fac5a8,,0,0,,,85 pts,764556
7,3,94,1,05:13.84,3d30c646b7f5426d0142,,0,0,,,94 pts,764556
8,23,36,1,04:45.06,0fbc743e21815e936ccd,,0,0,,,36 pts,764556
9,11,70,1,04:54.21,9ea9070bba08b4c8554a,,0,0,,,70 pts,764556
10,7,76,1,23:04.75,1cb5c887e37a90bd2f33,,0,0,,,76 pts,764556
11,14,35,1,161 rep,4257af3e6136750d1bef,,0,0,,,35 pts,764556
12,4,85,1,190.0 lb,312b954fea452c804a59,,0,0,,,85 pts,764556
13,2,95,1,04:44.50,989be5b8dea5e1206505,,0,0,,,95 pts,764556
14,18,15,1,CAP+32,0a11bead372771a29699,,0,0,,,15 pts,764556
15,9,60,1,07:46.08,f0ad3019d2609d8a83ac,,0,0,,,60 pts,764556
1,9,76,1,1:12:38.54,b5c0a294ed24f807f35d,,0,0,,,76 pts,1239980
2,11,70,1,11:00.18,1b1d670ff994d489f372,,0,0,,,70 pts,1239980
3,28,26,1,01:34.63,91ec487f041415423874,,0,0,,,26 pts,1239980
4,1,100,1,13:41.22,85154c246100fa07f32c,,0,0,,,100 pts,1239980
5,13,64,1,12:50.63,ec25fdb31a46e1f54ec5,,0,0,,,64 pts,1239980
6,12,67,1,06:29.24,960a2ae243a51303cafd,,0,0,,,67 pts,1239980
7,18,49,1,06:34.08,521f1f454906c5c2cda6,,0,0,,,49 pts,1239980
8,8,79,1,03:13.76,71c55cf3a850d32dbbe6,,0,0,,,79 pts,1239980
9,25,32,1,05:35.45,07ca6ca5dedbb56f4dad,,0,0,,,32 pts,1239980
10,11,60,1,23:14.90,5ff3d1185a06f1afc67e,,0,0,,,60 pts,1239980
11,4,85,1,209 rep,b2ce4ce9d3355d529e61,,0,0,,,85 pts,1239980
12,13,40,1,180.0 lb,210ed5014594d587f1c6,,0,0,,,40 pts,1239980
13,10,55,1,10:57.96,59f89fe2927bc0026c41,,0,0,,,55 pts,1239980
14,5,80,1,CAP+4,81a21626ba9251e70884,,0,0,,,80 pts,1239980
15,5,80,1,07:30.50,1254d85395b890838c0e,,0,0,,,80 pts,1239980
1,2,97,1,1:10:54.64,03ecc0ab7af4d0ac60b8,,0,0,,,97 pts,310687
2,12,67,1,11:02.22,f5112f45770abbbf3df9,,0,0,,,67 pts,310687
3,7,82,1,01:27.52,b12a70e5a05145bdbd23,,0,0,,,82 pts,310687
4,18,49,1,17:30.56,5e7fbf4ed500e2fdae89,,0,0,,,49 pts,310687
5,5,88,1,12:14.22,1e5e59d7a6030fac1673,,0,0,,,88 pts,310687
6,2,97,1,05:45.88,0f54930595090fbce35e,,0,0,,,97 pts,310687
7,5,88,1,05:33.33,04804bfd70fc5b610c96,,0,0,,,88 pts,310687
8,18,49,1,04:14.29,bdc3ea3d87b776cfd135,,0,0,,,49 pts,310687
9,33,16,1,06:01.82,c919dc4b8a50d93bd377,,0,0,,,16 pts,310687
10,2,96,1,21:13.90,d4b3cf7079e6359288db,,0,0,,,96 pts,310687
11,7,70,1,207 rep,04efd06265bfbb048f67,,0,0,,,70 pts,310687
12,20,5,1,160.0 lb,21cea442dc71860696cc,,0,0,,,5 pts,310687
13,19,10,1,11:40.92,94e84ccb29cea25a3556,,0,0,,,10 pts,310687
14,7,70,1,CAP+7,e03b5bd38e284739cf6c,,0,0,,,70 pts,310687
15,6,75,1,07:31.53,3a5f9b1c9090f19849a7,,0,0,,,75 pts,310687
1,10,73,1,1:12:39.66,f825edef2a62d5d674fd,,0,0,,,73 pts,174547
2,8,79,1,10:42.54,32c7eae97fd5574830d2,,0,0,,,79 pts,174547
3,21,40,1,01:31.30,aca08511dddabbc880f2,,0,0,,,40 pts,174547
4,5,88,1,14:35.95,c695ff205d8e2e87ec25,,0,0,,,88 pts,174547
5,11,70,1,12:45.50,efdd2acf95aad646ef88,,0,0,,,70 pts,174547
6,4,91,1,06:08.64,54b02fb6439843d69d25,,0,0,,,91 pts,174547
7,4,91,1,05:16.45,00d34deb06e329b370c4,,0,0,,,91 pts,174547
8,19,46,1,04:23.14,6962bd0bd6dc2027b1fe,,0,0,,,46 pts,174547
9,1,100,1,04:01.79,8f63c17d3075ea4cdf09,,0,0,,,100 pts,174547
10,21,28,1,24:55.71,56d9b3d68d11806179a6,,0,0,,,28 pts,174547
11,17,20,1,157 rep,01040160ff94cf2d404f,,0,0,,,20 pts,174547
12,11,50,1,180.0 lb,eba4050b9cc829cdf906,,0,0,,,50 pts,174547
13,6,75,1,04:57.04,37649e1f9d295b4e9d42,,0,0,,,75 pts,174547
14,9,60,1,CAP+10,f29376b50ceba7954b86,,0,0,,,60 pts,174547
15,16,25,1,08:43.59,f148fc99c5d9140eac55,,0,0,,,25 pts,174547
1,13,64,1,1:14:19.54,bb2a7682ca2b93a9f2c5,,0,0,,,64 pts,55121
2,17,52,1,11:48.27,9da9021f2b1ea5739e92,,0,0,,,52 pts,55121
3,6,85,1,01:27.49,12964421b5ec6eba5df8,,0,0,,,85 pts,55121
4,7,82,1,14:59.08,ae1726018e66816ac9e2,,0,0,,,82 pts,55121
5,8,79,1,12:32.87,5030cefabd49251351a7,,0,0,,,79 pts,55121
6,26,30,1,CAP,dfa51c0df3df949d1355,,0,0,,,30 pts,55121
7,30,22,1,CAP+3,6e667cef5d6f869a42c2,,0,0,,,22 pts,55121
8,14,61,1,03:53.62,7c82c6df43fd036f89a7,,0,0,,,61 pts,55121
9,17,52,1,05:10.35,dda5458fdeac9a624da6,,0,0,,,52 pts,55121
10,10,64,1,23:09.92,b801885bb9253057eeeb,,0,0,,,64 pts,55121
11,12,45,1,184 rep,7fba52c333b74d6965be,,0,0,,,45 pts,55121
12,6,75,1,185.0 lb,2dddb8732a4a05b08425,,0,0,,,75 pts,55121
13,8,65,1,04:58.03,1ab917f8c400922e462b,,0,0,,,65 pts,55121
14,5,80,1,CAP+4,ac4bc69d2b77b1fbedaf,,0,0,,,80 pts,55121
15,8,65,1,07:39.81,83074c19575046e7725d,,0,0,,,65 pts,55121
1,15,58,1,1:15:13.20,5514ea75002ad5bca0f9,,0,0,,,58 pts,349097
2,6,85,1,10:22.76,dc363a75bb766aadfc79,,0,0,,,85 pts,349097
3,5,88,1,01:27.20,a909fcecc8bafdc969d0,,0,0,,,88 pts,349097
4,16,55,1,17:16.51,ccdaabfc9ba33a8bda9c,,0,0,,,55 pts,349097
5,17,52,1,13:21.58,74b9383f0885e1339668,,0,0,,,52 pts,349097
6,21,40,1,06:41.57,6e802460de9c3ef318e1,,0,0,,,40 pts,349097
7,24,34,1,06:58.50,647e9ce119f3721c5a12,,0,0,,,34 pts,349097
8,1,100,1,01:43.91,06f76f97e5503830429d,,0,0,,,100 pts,349097
9,28,26,1,05:43.01,d333be8b32d7e1fc9c53,,0,0,,,26 pts,349097
10,14,49,1,24:13.18,30a4ab5da892a8f1bd6b,,0,0,,,49 pts,349097
11,2,95,1,226 rep,bd8984cfb8a3e5d4a826,,0,0,,,95 pts,349097
12,5,80,1,190.0 lb,337ba1cc7e8ab5ec70b2,,0,0,,,80 pts,349097
13,14,35,1,11:15.74,c80474677206faa19283,,0,0,,,35 pts,349097
14,4,85,1,06:41.85,d7eb965b06df0322e393,,0,0,,,85 pts,349097
15,14,35,1,08:17.73,4d04e729f06fede4a460,,0,0,,,35 pts,349097
1,31,20,1,1:20:51.99,e3a0213daa8ec56130b9,,0,0,,,20 pts,239442
2,2,97,1,09:29.83,77d0387e25425296fdbf,,0,0,,,97 pts,239442
3,13,64,1,01:29.49,6b830fee9a2c48209803,,0,0,,,64 pts,239442
4,17,52,1,17:29.67,1ee542e03abb36919c68,,0,0,,,52 pts,239442
5,18,49,1,13:22.31,655b179b60a00ed2fb1d,,0,0,,,49 pts,239442
6,8,79,1,06:15.43,397be6875bbd8674a690,,0,0,,,79 pts,239442
7,13,64,1,06:21.80,3e6479e7ded8f9db097e,,0,0,,,64 pts,239442
8,22,38,1,04:42.88,b3cd91b3734a25039f0e,,0,0,,,38 pts,239442
9,20,43,1,05:22.08,4853f2facf047c481ead,,0,0,,,43 pts,239442
10,18,37,1,24:25.60,1851d7c8be332c62e13d,,0,0,,,37 pts,239442
11,5,80,1,208 rep,e6aea626d3a4c27bc2af,,0,0,,,80 pts,239442
12,8,65,1,185.0 lb,4dc745299167a2c5ae26,,0,0,,,65 pts,239442
13,7,70,1,04:57.30,e0496149e7a82b325b06,,0,0,,,70 pts,239442
14,8,65,1,CAP+8,eca948f1f477e072ac97,,0,0,,,65 pts,239442
15,12,45,1,08:08.00,428aaa48eac0fb5cd883,,0,0,,,45 pts,239442
1,25,32,1,1:17:40.45,29573234f5c8b41fe03b,,0,0,,,32 pts,19501
2,18,49,1,11:53.00,eb71b8afa0bc9974f738,,0,0,,,49 pts,19501
3,14,61,1,01:29.55,57947ef5edddcb6cf3c2,,0,0,,,61 pts,19501
4,13,64,1,17:09.18,362a020d56e0cabc3222,,0,0,,,64 pts,19501
5,10,73,1,12:33.91,d596d531d195838219ec,,0,0,,,73 pts,19501
6,16,55,1,06:34.71,3ab9ae594368b389c5b1,,0,0,,,55 pts,19501
7,27,28,1,CAP+1,940e214b51714379d937,,0,0,,,28 pts,19501
8,9,76,1,03:18.10,fce487f79d0b2e156c7e,,0,0,,,76 pts,19501
9,32,18,1,06:01.55,3695ddc34498994c90aa,,0,0,,,18 pts,19501
10,13,52,1,24:10.90,e9d6f575d3c54b82a150,,0,0,,,52 pts,19501
11,12,45,1,184 rep,57704eda5fbb404b1399,,0,0,,,45 pts,19501
12,9,60,1,185.0 lb,afcdb7b930d8f0b7d4eb,,0,0,,,60 pts,19501
13,15,30,1,11:20.39,3d326dea98fe1ffad453,,0,0,,,30 pts,19501
14,13,40,1,CAP+20,144047ed46ded20761f5,,0,0,,,40 pts,19501
15,13,40,1,08:12.62,39b4b5896c2604c5a872,,0,0,,,40 pts,19501
1,30,22,1,1:20:47.06,48bc53396c4c51bdff15,,0,0,,,22 pts,132258
2,22,38,1,CAP+1,7f4cc536df3d1ca2530a,,0,0,,,38 pts,132258
3,17,52,1,01:30.24,ac46eec785405d2c882e,,0,0,,,52 pts,132258
4,6,85,1,14:57.23,ae8aa71e1f0a730f985e,,0,0,,,85 pts,132258
5,23,36,1,13:39.73,9aa34288645f46f6c3ea,,0,0,,,36 pts,132258
6,14,61,1,06:33.61,fa2d2ec185215c21e2da,,0,0,,,61 pts,132258
7,20,43,1,06:42.21,62283eaf72e66d35a4b5,,0,0,,,43 pts,132258
8,6,85,1,03:05.37,8bee74c6d7de5beb1664,,0,0,,,85 pts,132258
9,34,14,1,06:09.51,8ce8a20f047c3fe1d7d4,,0,0,,,14 pts,132258
10,12,56,1,23:31.34,a3087304a4b6fba7c893,,0,0,,,56 pts,132258
11,7,70,1,207 rep,a44ca8328c78b8b117b4,,0,0,,,70 pts,132258
12,12,45,1,180.0 lb,1c8e270d6f2df6322b07,,0,0,,,45 pts,132258
13,13,40,1,11:15.13,a9d16cb3989b198884e5,,0,0,,,40 pts,132258
14,13,40,1,CAP+20,5e084c713469cd740900,,0,0,,,40 pts,132258
15,15,30,1,08:22.36,63036cdd1925eb6bb611,,0,0,,,30 pts,132258
1,4,91,1,1:11:27.94,d6f021e7901437e4a69d,,0,0,,,91 pts,484380
2,29,24,1,CAP+3,8d7225b7d8895ae99ce1,,0,0,,,24 pts,484380
3,10,73,1,01:29.06,e7603638d4d9429de817,,0,0,,,73 pts,484380
4,14,61,1,17:09.53,0eb5f76e90e3a8413e5a,,0,0,,,61 pts,484380
5,20,43,1,13:26.27,5215f6e91ff16a78f675,,0,0,,,43 pts,484380
6,29,24,1,CAP+1,fcb85e1a7e2b91548698,,0,0,,,24 pts,484380
7,32,18,1,CAP+7,2dcdc0cf028140660552,,0,0,,,18 pts,484380
8,16,55,1,04:04.65,c8de3ec7e0b70632d970,,0,0,,,55 pts,484380
9,12,67,1,04:55.98,a56efcdf3d1fb5d2e8b9,,0,0,,,67 pts,484380
10,1,100,1,21:12.73,0954aee8e0be630276bd,,0,0,,,100 pts,484380
11,14,35,1,161 rep,983e02ae7b22e5397a0d,,0,0,,,35 pts,484380
12,19,10,1,170.0 lb,d9f8a22da0547aae8fcd,,0,0,,,10 pts,484380
13,11,50,1,11:02.60,4e870e31f0cb40da2f4a,,0,0,,,50 pts,484380
14,12,45,1,CAP+15,680b6937377515630aea,,0,0,,,45 pts,484380
15,19,10,1,09:12.93,1d9257e0bd13d74087e2,,0,0,,,10 pts,484380
1,6,85,1,1:11:58.92,4012b8e150b312e3f1d1,,0,0,,,85 pts,1547449
2,29,24,1,CAP+3,bfb32462bb0db9648999,,0,0,,,24 pts,1547449
3,27,28,1,01:33.22,0371217b9320eba37d08,,0,0,,,28 pts,1547449
4,3,94,1,14:25.57,44964e93ebf788ab6acc,,0,0,,,94 pts,1547449
5,22,38,1,13:37.95,352624a256ce5f1c5aab,,0,0,,,38 pts,1547449
6,28,26,1,CAP+1,fe04ffdf3491284068da,,0,0,,,26 pts,1547449
7,25,32,1,07:06.06,d33771ee84c190127f1e,,0,0,,,32 pts,1547449
8,15,58,1,04:03.20,5b6c81205d635865ff8e,,0,0,,,58 pts,1547449
9,13,64,1,04:56.80,dbff7763dd60aaf38c95,,0,0,,,64 pts,1547449
10,17,40,1,24:21.73,b3a379def788dad145e4,,0,0,,,40 pts,1547449
11,19,10,1,138 rep,d774391c89723dc7840c,,0,0,,,10 pts,1547449
12,7,70,1,185.0 lb,193d1b36feef7961aac8,,0,0,,,70 pts,1547449
13,17,20,1,11:29.13,a738a6e23845f7433466,,0,0,,,20 pts,1547449
14,15,30,1,CAP+30,9df238b0439486269c28,,0,0,,,30 pts,1547449
15,7,70,1,07:37.39,f377408d1cd085b8ed3b,,0,0,,,70 pts,1547449
1,19,46,1,1:16:30.98,b8fd7bf23c9a63412419,,0,0,,,46 pts,299053
2,19,46,1,11:55.88,99f53f59c8bc5b4b7582,,0,0,,,46 pts,299053
3,12,67,1,01:29.48,2a6b1213f5a757e5009b,,0,0,,,67 pts,299053
4,24,34,1,19:01.89,9b370c7282b2fd248af2,,0,0,,,34 pts,299053
5,14,61,1,13:03.61,92f4a70d0efe7402f6dd,,0,0,,,61 pts,299053
6,22,38,1,06:42.35,c3aa9f42515914dfe8cc,,0,0,,,38 pts,299053
7,23,36,1,06:58.11,7af945ad5b24093ff74b,,0,0,,,36 pts,299053
8,27,28,1,CAP+5,db1509ba2d5e9beb40e8,,0,0,,,28 pts,299053
9,21,40,1,05:25.99,8470ac1a39a444a594b2,,0,0,,,40 pts,299053
10,9,68,1,23:06.51,40146cc8498c30f6fe4d,,0,0,,,68 pts,299053
11,10,55,1,188 rep,b650766f5ba3d8e2f669,,0,0,,,55 pts,299053
12,15,30,1,175.0 lb,b570a8dadf1b2d03f3de,,0,0,,,30 pts,299053
13,9,60,1,05:00.93,238983fe49e9eacd2dfe,,0,0,,,60 pts,299053
14,15,30,1,CAP+30,7bcfe8cfac6fa93f1e8d,,0,0,,,30 pts,299053
15,11,50,1,07:56.17,5165ee8376da97cebaaf,,0,0,,,50 pts,299053
1,23,36,1,1:17:01.66,57f4f1363cd9063c48de,,0,0,,,36 pts,585046
2,9,76,1,10:47.06,77103711f021e3ddb131,,0,0,,,76 pts,585046
3,9,76,1,01:28.60,ea906531562bfe6e86fd,,0,0,,,76 pts,585046
4,27,28,1,19:33.24,fc17227d4796b4dc5673,,0,0,,,28 pts,585046
5,16,55,1,13:16.28,4aa40c2089b1ff95b037,,0,0,,,55 pts,585046
6,30,22,1,CAP+1,268db4a6ef200627a920,,0,0,,,22 pts,585046
7,31,20,1,CAP+5,4dc66e4c4be0a304fc14,,0,0,,,20 pts,585046
8,7,82,1,03:13.07,ff0851cd8a42e5d786b9,,0,0,,,82 pts,585046
9,26,30,1,05:37.60,4dc0288f4d6c10217399,,0,0,,,30 pts,585046
10,22,25,1,24:59.70,9525ae68f89ee5ac81ec,,0,0,,,25 pts,585046
11,3,90,1,215 rep,d5348da6b700ddd85cfc,,0,0,,,90 pts,585046
12,18,15,1,170.0 lb,a2733e1e51c3423391a9,,0,0,,,15 pts,585046
13,18,15,1,11:30.91,9c0ebeed37c89b10a2af,,0,0,,,15 pts,585046
14,17,20,1,CAP+31,282dc261bd3cc6ea73d1,,0,0,,,20 pts,585046
15,17,20,1,08:50.51,a638647ace777fb51632,,0,0,,,20 pts,585046
1,3,94,1,1:11:01.45,854fd276049f1418a1c5,,0,0,,,94 pts,887297
2,10,73,1,10:55.00,6bc7dab5af5f2632a65f,,0,0,,,73 pts,887297
3,30,22,1,01:36.08,8fee506e49f87ab05563,,0,0,,,22 pts,887297
4,29,24,1,19:59.48,f96a4fd53402334d4a31,,0,0,,,24 pts,887297
5,12,67,1,12:48.92,dffe69d7a66e268ee026,,0,0,,,67 pts,887297
6,17,52,1,06:36.11,c43b29d918266621d2eb,,0,0,,,52 pts,887297
7,12,67,1,06:14.66,69cc6d06a996ee27ca6d,,0,0,,,67 pts,887297
8,28,26,1,CAP+7,4ee17dd89217cd5c68ef,,0,0,,,26 pts,887297
9,24,34,1,05:31.06,d5c98cbcce8da530b07f,,0,0,,,34 pts,887297
10,28,7,1,25:56.04,1e0e6d22b9e78728ef00,,0,0,,,7 pts,887297
11,18,15,1,154 rep,058722e74aa3d5c2cedc,,0,0,,,15 pts,887297
12,14,35,1,180.0 lb,d5a6db84ba7aa70c1257,,0,0,,,35 pts,887297
13,16,25,1,11:27.06,ef0fff7409df18920298,,0,0,,,25 pts,887297
14,19,10,1,CAP+49,30155c9107dc89db34b5,,0,0,,,10 pts,887297
15,18,15,1,08:57.37,bc4d15124ff1d29f76e2,,0,0,,,15 pts,887297
1,27,28,1,1:18:11.08,baada0a4aa7604a9d738,,0,0,,,28 pts,168305
2,15,58,1,11:27.07,5317ea2ec846fd0c38dc,,0,0,,,58 pts,168305
3,2,97,1,01:24.43,d104fce5270fd4f47ab6,,0,0,,,97 pts,168305
4,4,91,1,14:34.55,01277948eb1d0c3025a0,,0,0,,,91 pts,168305
5,15,58,1,13:11.27,af0cdb70ac9422201399,,0,0,,,58 pts,168305
6,7,82,1,06:15.22,ab5d8dfa6963c992c812,,0,0,,,82 pts,168305
7,9,76,1,06:00.43,3cedbc555dbbdc6cce20,,0,0,,,76 pts,168305
8,3,94,1,02:08.08,16ed3ed47fdcd10a9b9a,,0,0,,,94 pts,168305
9,9,76,1,04:48.01,e4e92c0a7dfbbca7f9b4,,0,0,,,76 pts,168305
10,8,72,1,23:06.38,b3c58a7123ca3e3b726f,,0,0,,,72 pts,168305
11,20,5,1,115 rep,2a2c0ce0685301eec471,,0,0,,,5 pts,168305
12,10,55,1,185.0 lb,9549fc0341543feece1e,,0,0,,,55 pts,168305
13,20,0,,,1d43281cf446fbcb0184,,0,0,,,,168305
14,20,0,,,3d132f15782c2f533e20,,0,0,,,,168305
15,20,0,,,343ea1ad3ca50f7ce40d,,0,0,,,,168305
1,21,40,1,1:16:37.71,c5f43b72d6e808a617c8,,0,0,,,40 pts,2536
2,24,34,1,CAP+2,c205f7ec1279d8970662,,0,0,,,34 pts,2536
3,24,34,1,01:31.80,8c9aed2193028f0de012,,0,0,,,34 pts,2536
4,35,12,1,CAP+5,2495e527e915ad9917d0,,0,0,,,12 pts,2536
5,9,76,1,12:33.31,edde80a350413899fdff,,0,0,,,76 pts,2536
6,24,34,1,06:53.07,bcc29a00445bf347c543,,0,0,,,34 pts,2536
7,33,16,1,CAP+9,fcc3b59996f2e7fca859,,0,0,,,16 pts,2536
8,31,20,1,CAP+17,435b7a889e6546941b68,,0,0,,,20 pts,2536
9,7,82,1,04:46.50,76b5c5e795941a6283fb,,0,0,,,82 pts,2536
10,4,88,1,21:37.22,4f0a7f8ef1cb7dc59c1e,,0,0,,,88 pts,2536
11,21,0,,,1721f2baf9fbeacabad5,,0,0,,,,2536
12,21,0,,,6e05caa465712cb3d1b7,,0,0,,,,2536
13,20,0,,,825ddfbe3d59e95d5840,,0,0,,,,2536
14,20,0,,,71c972b4c4b7c8d45c40,,0,0,,,,2536
15,20,0,,,42270ad534fe67ed47c5,,0,0,,,,2536
1,34,14,1,1:24:00.46,8211288a1d5f90830532,,0,0,,,14 pts,37537
2,21,40,1,CAP,57d71319285854d092bb,,0,0,,,40 pts,37537
3,19,46,1,01:31.01,65a9c36cbe8d22564f7d,,0,0,,,46 pts,37537
4,32,18,1,20:37.73,358211726648262c6bbf,,0,0,,,18 pts,37537
5,26,30,1,13:59.67,0a43f400a750b009e66d,,0,0,,,30 pts,37537
6,13,64,1,06:32.72,b3180973f31914c78932,,0,0,,,64 pts,37537
7,6,85,1,05:50.33,787b39ec02ed1fc0f5b8,,0,0,,,85 pts,37537
8,20,43,1,04:28.51,5c84d29cbbf31c69bbb2,,0,0,,,43 pts,37537
9,10,73,1,04:51.22,678099af4ae3d66e58b5,,0,0,,,73 pts,37537
10,26,13,1,25:23.92,ed8ff4722fac9842cb77,,0,0,,,13 pts,37537
11,21,0,,,d5c4ceb2560f2d7e4639,,0,0,,,,37537
12,21,0,,,e423af765e835108bb0a,,0,0,,,,37537
13,20,0,,,93829271c44ed67f9a5a,,0,0,,,,37537
14,20,0,,,d30151df5b6a487b640a,,0,0,,,,37537
15,20,0,,,54cbb6b32520290c95f8,,0,0,,,,37537
1,7,82,1,1:12:10.61,b67fe386bf099d755ba2,,0,0,,,82 pts,93497
2,24,34,1,CAP+2,563fa43fe574754fd2b2,,0,0,,,34 pts,93497
3,32,18,1,01:36.78,7b5d12679fbc51c912aa,,0,0,,,18 pts,93497
4,21,40,1,18:12.29,68262802fe405525d95a,,0,0,,,40 pts,93497
5,24,34,1,13:41.48,70dad8df8fd293a8d159,,0,0,,,34 pts,93497
6,18,49,1,06:36.75,a580509d6bdcd76f30d8,,0,0,,,49 pts,93497
7,28,26,1,CAP+1,674019c74676b7bbbc3b,,0,0,,,26 pts,93497
8,13,64,1,03:49.39,3ea107e2304592f90366,,0,0,,,64 pts,93497
9,19,46,1,05:17.99,c18531533fde31e9706d,,0,0,,,46 pts,93497
10,20,31,1,24:44.74,4602cf96fc80c7033874,,0,0,,,31 pts,93497
11,21,0,,,d599a6c2b6f059b8dfc1,,0,0,,,,93497
12,21,0,,,dffa634fb7db82746ae3,,0,0,,,,93497
13,20,0,,,2a9420614324e1df4307,,0,0,,,,93497
14,20,0,,,ab5b218eeb10a21cc4ad,,0,0,,,,93497
15,20,0,,,9ca6174d4388feb2fe37,,0,0,,,,93497
1,16,55,1,1:15:21.26,511bc2d05241a612542a,,0,0,,,55 pts,1018713
2,33,16,1,CAP+7,45d506e0298a8b6b4bec,,0,0,,,16 pts,1018713
3,33,16,1,01:37.14,eaa526d72292c2d2f82a,,0,0,,,16 pts,1018713
4,12,67,1,17:08.93,b071a7a778a1659657cb,,0,0,,,67 pts,1018713
5,21,40,1,13:26.63,ce2a8a9a3decf64dc06f,,0,0,,,40 pts,1018713
6,23,36,1,06:44.58,eccb56c18f500995d119,,0,0,,,36 pts,1018713
7,10,73,1,06:01.08,aa50a38fe4035d082d38,,0,0,,,73 pts,1018713
8,29,24,1,CAP+8,d5fc03294e59b918a293,,0,0,,,24 pts,1018713
9,6,85,1,04:45.95,0438f6f5cd178c1d510e,,0,0,,,85 pts,1018713
10,29,4,1,26:08.30,b62b8849b925d35ff15c,,0,0,,,4 pts,1018713
11,21,0,,,9a24691678fee5cb0093,,0,0,,,,1018713
12,21,0,,,1538ba20e117438553fa,,0,0,,,,1018713
13,20,0,,,23a18bef5554d5539324,,0,0,,,,1018713
14,20,0,,,0f87f5ac5d846266be2e,,0,0,,,,1018713
15,20,0,,,1a7bb7e7e2633707d435,,0,0,,,,1018713
1,28,26,1,1:18:11.74,946212b931c30f0b408d,,0,0,,,26 pts,1441210
2,13,64,1,11:05.00,d77961c65de08ae6da83,,0,0,,,64 pts,1441210
3,18,49,1,01:30.89,7876ff460e55361a0026,,0,0,,,49 pts,1441210
4,36,10,1,CAP+12,8f49dda6232088c07cdb,,0,0,,,10 pts,1441210
5,25,32,1,13:53.72,4f0cc6f5b93dd2c5bab0,,0,0,,,32 pts,1441210
6,15,58,1,06:34.21,934309f8b2e6c5a407c7,,0,0,,,58 pts,1441210
7,11,70,1,06:07.14,616c95bfa360fdaf0c2e,,0,0,,,70 pts,1441210
8,24,34,1,04:57.07,090ef6747baa0926edf0,,0,0,,,34 pts,1441210
9,18,49,1,05:15.76,373b0b08ebfabdc54bda,,0,0,,,49 pts,1441210
10,23,22,1,25:04.97,2b4e8408f0b5fb3904f6,,0,0,,,22 pts,1441210
11,21,0,,,d70b9cdc8aea875de120,,0,0,,,,1441210
12,21,0,,,16cdace0836fab95a8cb,,0,0,,,,1441210
13,20,0,,,228bfd7d692e25202e59,,0,0,,,,1441210
14,20,0,,,85a840f5cdba9cc2629f,,0,0,,,,1441210
15,20,0,,,b09fd1cdcb813a8ad0a8,,0,0,,,,1441210
1,17,52,1,1:15:32.65,5aca759dcf0402244a6d,,0,0,,,52 pts,1119323
2,34,14,1,CAP+11,5effac134dc45f55411a,,0,0,,,14 pts,1119323
3,26,30,1,01:33.18,27fd12ca81e0f19fca34,,0,0,,,30 pts,1119323
4,25,32,1,19:05.40,8f8e42d37e169c3dd17a,,0,0,,,32 pts,1119323
5,19,46,1,13:25.31,d931a37d58b04e11c3ba,,0,0,,,46 pts,1119323
6,9,76,1,06:21.99,84da69f9cc6a7a60aa45,,0,0,,,76 pts,1119323
7,19,46,1,06:36.47,75db83e7095f8e8f92ab,,0,0,,,46 pts,1119323
8,33,16,1,CAP+43,767847672ad4e9dbdc0f,,0,0,,,16 pts,1119323
9,4,91,1,04:25.98,b67cb5870cdd01f7ad74,,0,0,,,91 pts,1119323
10,30,1,1,27:09.33,51b3c35f4ffbcaf03e36,,0,0,,,1 pts,1119323
11,21,0,,,560a6a76f84a1618b0b0,,0,0,,,,1119323
12,21,0,,,6af556b8b46b88422e1a,,0,0,,,,1119323
13,20,0,,,d74c4ae9608bf36dcc88,,0,0,,,,1119323
14,20,0,,,968e3b7d062aff3e51eb,,0,0,,,,1119323
15,20,0,,,d4ce4ef648288a09347d,,0,0,,,,1119323
1,26,30,1,1:18:04.07,2dec9ee8bb533e0fcb04,,0,0,,,30 pts,239148
2,20,43,1,11:56.23,a2b20506e859d41dc1c5,,0,0,,,43 pts,239148
3,25,32,1,01:32.44,d8b3419eaa645dc613a4,,0,0,,,32 pts,239148
4,26,30,1,19:18.65,88633d53570d66a86124,,0,0,,,30 pts,239148
5,29,24,1,14:41.74,cf507f2b4b7f936d105b,,0,0,,,24 pts,239148
6,20,43,1,06:41.43,2d2713c5168e04a1c0bd,,0,0,,,43 pts,239148
7,8,79,1,05:57.82,027d5ddfe588124399b8,,0,0,,,79 pts,239148
8,17,52,1,04:10.23,de47a024571641ed8595,,0,0,,,52 pts,239148
9,22,38,1,05:26.64,e6348dd68cf677f216e9,,0,0,,,38 pts,239148
10,25,16,1,25:23.55,2354f2043bdad3eec9c6,,0,0,,,16 pts,239148
11,21,0,,,871d8c4d3a7d4e7d6b1d,,0,0,,,,239148
12,21,0,,,9a4b64ff218582e48035,,0,0,,,,239148
13,20,0,,,f92218cce5d59200e1f0,,0,0,,,,239148
14,20,0,,,96aebd3a7ddc29d605a2,,0,0,,,,239148
15,20,0,,,c87b916bd94c3f65b07e,,0,0,,,,239148
1,32,18,1,1:20:58.80,a87ab6813da66114b3ab,,0,0,,,18 pts,254313
2,24,34,1,CAP+2,967a6b8e6afe568ff5d7,,0,0,,,34 pts,254313
3,16,55,1,01:30.18,197a275802ef60063804,,0,0,,,55 pts,254313
4,34,14,1,CAP+3,4c0ba96a4a4aa08b8f18,,0,0,,,14 pts,254313
5,28,26,1,14:33.39,eee2d8093d6ad204fc49,,0,0,,,26 pts,254313
6,10,73,1,06:25.72,b61c285ae266917d367f,,0,0,,,73 pts,254313
7,21,40,1,06:42.69,b9263e905e572702c325,,0,0,,,40 pts,254313
8,25,32,1,05:00.00,063d79ba84660891be73,,0,0,,,32 pts,254313
9,16,55,1,05:06.78,3f21c0f98d7a4f9afc09,,0,0,,,55 pts,254313
10,19,34,1,24:44.54,3251001833fad33aefa7,,0,0,,,34 pts,254313
11,21,0,,,17857da055b2cf2733de,,0,0,,,,254313
12,21,0,,,bc41c6596de860b4b986,,0,0,,,,254313
13,20,0,,,24fb92f7e2b2b07736b5,,0,0,,,,254313
14,20,0,,,cea758a30a0b53771ace,,0,0,,,,254313
15,20,0,,,1d646694690817f5321c,,0,0,,,,254313
1,12,67,1,1:13:42.27,0e971831dce1e2184f92,,0,0,,,67 pts,39517
2,24,34,1,CAP+2,ce2f965d16533baf68d2,,0,0,,,34 pts,39517
3,21,40,1,01:31.30,8b300a1a53c88964d576,,0,0,,,40 pts,39517
4,23,36,1,18:36.67,f3359380546d3c11d099,,0,0,,,36 pts,39517
5,30,22,1,CAP+1,50ae16570a4df194cf44,,0,0,,,22 pts,39517
6,33,16,1,CAP+1,8fb289c32abd6b0d61d7,,0,0,,,16 pts,39517
7,29,24,1,CAP+1,4b24b510300dfbe9c079,,0,0,,,24 pts,39517
8,30,22,1,CAP+17,d9d4bf277caff2244430,,0,0,,,22 pts,39517
9,15,58,1,05:05.34,6894cfb311a6511fbf8f,,0,0,,,58 pts,39517
10,24,19,1,25:16.51,a33a8021480749d812ef,,0,0,,,19 pts,39517
11,21,0,,,e22ca89d0b41b066f6ae,,0,0,,,,39517
12,21,0,,,260b2a4853374b3c3f3b,,0,0,,,,39517
13,20,0,,,0d629e2639def597d0e7,,0,0,,,,39517
14,20,0,,,a828f6eb47b427566924,,0,0,,,,39517
15,20,0,,,615e56deac0864cbc734,,0,0,,,,39517
1,29,24,1,1:19:43.15,fc9083dd7853abc286a6,,0,0,,,24 pts,159681
2,22,38,1,CAP+1,1a032f41dc75504c6aae,,0,0,,,38 pts,159681
3,29,24,1,01:35.46,a8212413b57e48b5c98c,,0,0,,,24 pts,159681
4,30,22,1,20:08.23,8896d99e8280513a330b,,0,0,,,22 pts,159681
5,35,12,1,CAP+392,efc5bf6a4e3985b2fb96,,0,0,,,12 pts,159681
6,19,46,1,06:40.66,f03318df4021edfef791,,0,0,,,46 pts,159681
7,7,82,1,05:52.77,33c8be2fb39461c6569c,,0,0,,,82 pts,159681
8,32,18,1,CAP+27,bfdcad0c695f60147aa8,,0,0,,,18 pts,159681
9,23,36,1,05:29.31,01ea16fe8172bfa2f96a,,0,0,,,36 pts,159681
10,27,10,1,25:45.93,7c1d181bb485c0e1f4f5,,0,0,,,10 pts,159681
11,21,0,,,2d5a61d3ee6613dc50c5,,0,0,,,,159681
12,21,0,,,987640f1c09672deaae6,,0,0,,,,159681
13,20,0,,,53475e1c86323adab63b,,0,0,,,,159681
14,20,0,,,e685c1bef5956a114c08,,0,0,,,,159681
15,20,0,,,0fafc40cfee5de3dfdd5,,0,0,,,,159681
1,33,16,1,1:23:34.79,4fef2fe4952dc4a9d4a1,,0,0,,,16 pts,1187609
2,36,10,1,CAP+13,aa4ee26ddc6be53c2d9a,,0,0,,,10 pts,1187609
3,20,43,1,01:31.22,e2403a3a99f7cf754cae,,0,0,,,43 pts,1187609
4,20,43,1,18:02.99,058a1794d34453aa0ac5,,0,0,,,43 pts,1187609
5,30,22,1,CAP+1,f82cef945aa702766ba9,,0,0,,,22 pts,1187609
6,34,14,1,CAP+2,42236c160421ef5f5447,,0,0,,,14 pts,1187609
7,16,55,1,06:27.86,5b594bc707262c9eb240,,0,0,,,55 pts,1187609
8,11,70,1,03:31.66,80b6d361f04bcdba6991,,0,0,,,70 pts,1187609
9,29,24,1,05:44.84,8b143ebc137a0c8d2cfe,,0,0,,,24 pts,1187609
10,31,0,,,f6534b66998dfad4e006,,0,0,,,,1187609
11,21,0,,,cdeeda0c73c88913d18c,,0,0,,,,1187609
12,21,0,,,08f21e678c6d4a68e80f,,0,0,,,,1187609
13,20,0,,,430e6d6e91cc18bb225f,,0,0,,,,1187609
14,20,0,,,21a827a09d94ada28bef,,0,0,,,,1187609
15,20,0,,,0e829ecfa503e6e00c8f,,0,0,,,,1187609
1,14,61,1,1:14:38.06,850aa174aea69f6a578b,,0,0,,,61 pts,893554
2,16,55,1,11:45.77,fcb2632574892ee81864,,0,0,,,55 pts,893554
3,35,12,1,01:42.35,ea5d8777e18daa93f3a0,,0,0,,,12 pts,893554
4,31,20,1,20:35.26,1b241106996777a7856a,,0,0,,,20 pts,893554
5,30,22,1,CAP+1,27650b4b943184443cc8,,0,0,,,22 pts,893554
6,31,20,1,CAP+1,ab6c9c6c4e185ea36e13,,0,0,,,20 pts,893554
7,22,38,1,06:53.47,d4ee5ac352abbe49bcc4,,0,0,,,38 pts,893554
8,21,40,1,04:30.56,7be24541ea33ff5e827a,,0,0,,,40 pts,893554
9,27,28,1,05:41.06,69bdc2e6a31dc9ee0503,,0,0,,,28 pts,893554
10,31,0,,,7df8b97c2d3b2d505056,,0,0,,,,893554
11,21,0,,,344aaf8839041f86fd03,,0,0,,,,893554
12,21,0,,,0bbad2d75074e8caadcb,,0,0,,,,893554
13,20,0,,,a21ac5b709c4261fbc2c,,0,0,,,,893554
14,20,0,,,f6b53260ca17bc0c19d4,,0,0,,,,893554
15,20,0,,,603586b60ca5a56ad290,,0,0,,,,893554
1,35,12,1,1:26:41.53,3f05152c706dd585ef12,,0,0,,,12 pts,314703
2,32,18,1,CAP+6,210c18f6a13c29be2f5a,,0,0,,,18 pts,314703
3,31,20,1,01:36.77,22557a85adfd963441c9,,0,0,,,20 pts,314703
4,28,26,1,19:38.21,55c1c927f33d99aa01df,,0,0,,,26 pts,314703
5,27,28,1,14:09.15,f1f7f80ca16a7cea10db,,0,0,,,28 pts,314703
6,27,28,1,CAP,63204d34c12eab0dabcc,,0,0,,,28 pts,314703
7,17,52,1,06:32.49,b999d6745119454e5e14,,0,0,,,52 pts,314703
8,26,30,1,CAP+4,2dce7df2da288b0374b3,,0,0,,,30 pts,314703
9,31,20,1,05:49.48,0b885d9e9f547714a9b0,,0,0,,,20 pts,314703
10,31,0,,,6618259c7e31cf4a002e,,0,0,,,,314703
11,21,0,,,54b271f8e6abf09bf8bb,,0,0,,,,314703
12,21,0,,,caf1380cee2a84647cea,,0,0,,,,314703
13,20,0,,,6a07f2ec58c2e7a238b3,,0,0,,,,314703
14,20,0,,,0ed48c473a124bdf3147,,0,0,,,,314703
15,20,0,,,9f8e3513e03ca46973dc,,0,0,,,,314703
1,36,10,1,1:43:14.37,2e472e44f56e9b182bb6,,0,0,,,10 pts,1346810
2,35,12,1,CAP+12,894dfcfe36448807d2bb,,0,0,,,12 pts,1346810
3,34,14,1,01:38.52,42eb6d59765eba00f9ed,,0,0,,,14 pts,1346810
4,22,38,1,18:34.90,a3980dd200b49e20b457,,0,0,,,38 pts,1346810
5,34,14,1,CAP+145,fc030cf4a3d103cb3274,,0,0,,,14 pts,1346810
6,32,18,1,CAP+1,8ab397e2a5bef65e224f,,0,0,,,18 pts,1346810
7,26,30,1,07:34.53,31dd6d9813f316ca28e4,,0,0,,,30 pts,1346810
8,33,16,1,CAP+43,e03ebfaa45a939ecf53c,,0,0,,,16 pts,1346810
9,14,61,1,05:00.78,b3e19a7024a1e413eda2,,0,0,,,61 pts,1346810
10,31,0,,,63b2a05bdc5a098dae8f,,0,0,,,,1346810
11,21,0,,,0226155cb4d0e6cfe98e,,0,0,,,,1346810
12,21,0,,,351d6210ab8502612250,,0,0,,,,1346810
13,20,0,,,86481e704f5a9ee194b9,,0,0,,,,1346810
14,20,0,,,03c3b727c06554197224,,0,0,,,,1346810
15,20,0,,,b8d85e8f1d4eeb1f6209,,0,0,,,,1346810
1,24,34,1,1:17:37.12,70080b13f0abb9d5bf5b,,0,0,,,34 pts,670000
2,14,61,1,11:06.00,4e14cf3e754db1bf36c3,,0,0,,,61 pts,670000
3,11,70,1,01:29.13,caa4ad4d0a122cb65848,,0,0,,,70 pts,670000
4,15,58,1,17:16.39,e6a916cf9ec55af18c53,,0,0,,,58 pts,670000
5,33,16,1,CAP+54,d78c0fa7a83cc27b1085,,0,0,,,16 pts,670000
6,35,0,,WD,08ef605b5219042f4996,,0,0,,,,670000
7,35,0,,WD,055451569ee2da12f8ea,,0,0,,,,670000
8,35,0,,,10bce8cea3d4877a96a0,,0,0,,,,670000
9,35,0,,,91494769eec7a0b1f12f,,0,0,,,,670000
10,31,0,,,f6e90a8c8d28eab37853,,0,0,,,,670000
11,21,0,,,c615bbe00ab25e58d603,,0,0,,,,670000
12,21,0,,,429416a7aed0f51ed605,,0,0,,,,670000
13,20,0,,,7a28d439cff5068da2dc,,0,0,,,,670000
14,20,0,,,f4d56f1cbd58181d33a3,,0,0,,,,670000
15,20,0,,,3ded7444c122828aca31,,0,0,,,,670000
1,20,43,1,1:16:36.00,e41c6351f4458c14b765,,0,0,,,43 pts,2942
2,29,24,1,CAP+3,8181d8bfa28cfb0467c9,,0,0,,,24 pts,2942
3,36,10,1,01:50.11,c9325de252cc195d1aff,,0,0,,,10 pts,2942
4,33,16,1,CAP+1,0aaadee05091eaf76079,,0,0,,,16 pts,2942
5,36,0,,,ac5b62b1b86b28c7fd2c,,0,0,,,,2942
6,35,0,,,af9d20209ef0ef9271fd,,0,0,,,,2942
7,35,0,,,ebd162577fc4b0ca0db5,,0,0,,,,2942
8,35,0,,,940f456461a956d4f18a,,0,0,,,,2942
9,35,0,,,63173097d0f43afd89f4,,0,0,,,,2942
10,31,0,,,b0697e6fb6485f1bda52,,0,0,,,,2942
11,21,0,,,f7ea19c39aa5076b963c,,0,0,,,,2942
12,21,0,,,c72f3e6e8e0b512357b8,,0,0,,,,2942
13,20,0,,,c04a3ddc6bb3b8885ac7,,0,0,,,,2942
14,20,0,,,05ba73facf7798017f4c,,0,0,,,,2942
15,20,0,,,7d9197c5a3f1dc5a5d1e,,0,0,,,,2942
1,37,0,,WD,fe2cec2384f699f6491f,,0,0,,,,305891
2,37,0,,WD,f036d5a71171206f1b14,,0,0,,,,305891
3,37,0,,,f21434b0d74f5a2ddd56,,0,0,,,,305891
4,37,0,,,37b9cb9bb62f7274ddb2,,0,0,,,,305891
5,36,0,,,3433397d979477fbce8f,,0,0,,,,305891
6,35,0,,,6ee80837da1d76aed942,,0,0,,,,305891
7,35,0,,,c84cdcc8d4594023b78e,,0,0,,,,305891
8,35,0,,,680d31c8eb9e2875dc04,,0,0,,,,305891
9,35,0,,,1be8a117dfba431b8dca,,0,0,,,,305891
10,31,0,,,3497308fc6c6f8dfad7b,,0,0,,,,305891
11,21,0,,,bc0039699be2d2112edc,,0,0,,,,305891
12,21,0,,,db1995d6b0f7c0e9f37b,,0,0,,,,305891
13,20,0,,,cc36b4d06c4a7c855369,,0,0,,,,305891
14,20,0,,,7416c7eb7cc414a9016c,,0,0,,,,305891
15,20,0,,,0384cb71613e8d50c0a8,,0,0,,,,305891
1,,-1,,,,,0,0,,,,455677
2,,-1,,,,,0,0,,,,455677
3,,-1,,,,,0,0,,,,455677
4,,-1,,,,,0,0,,,,455677
5,,-1,,,,,0,0,,,,455677
6,,-1,,,,,0,0,,,,455677
7,,-1,,,,,0,0,,,,455677
8,,-1,,,,,0,0,,,,455677
9,,-1,,,,,0,0,,,,455677
10,,-1,,,,,0,0,,,,455677
11,,-1,,,,,0,0,,,,455677
12,,-1,,,,,0,0,,,,455677
13,,-1,,,,,0,0,,,,455677
14,,-1,,,,,0,0,,,,455677
15,,-1,,,,,0,0,,,,455677
1,,-1,,,,,0,0,,,,592472
2,,-1,,,,,0,0,,,,592472
3,,-1,,,,,0,0,,,,592472
4,,-1,,,,,0,0,,,,592472
5,,-1,,,,,0,0,,,,592472
6,,-1,,,,,0,0,,,,592472
7,,-1,,,,,0,0,,,,592472
8,,-1,,,,,0,0,,,,592472
9,,-1,,,,,0,0,,,,592472
10,,-1,,,,,0,0,,,,592472
11,,-1,,,,,0,0,,,,592472
12,,-1,,,,,0,0,,,,592472
13,,-1,,,,,0,0,,,,592472
14,,-1,,,,,0,0,,,,592472
15,,-1,,,,,0,0,,,,592472
1,,-1,,,,,0,0,,,,1019212
2,,-1,,,,,0,0,,,,1019212
3,,-1,,,,,0,0,,,,1019212
4,,-1,,,,,0,0,,,,1019212
5,,-1,,,,,0,0,,,,1019212
6,,-1,,,,,0,0,,,,1019212
7,,-1,,,,,0,0,,,,1019212
8,,-1,,,,,0,0,,,,1019212
9,,-1,,,,,0,0,,,,1019212
10,,-1,,,,,0,0,,,,1019212
11,,-1,,,,,0,0,,,,1019212
12,,-1,,,,,0,0,,,,1019212
13,,-1,,,,,0,0,,,,1019212
14,,-1,,,,,0,0,,,,1019212
15,,-1,,,,,0,0,,,,1019212
